annee_universitaire;composante_id_paysage;composante_lib;composante_id_uai;etablissement_id_paysage;etablissement_lib;composante_localisation;effectif;effectif_sans_cpge;effectif_total;effectif_total_sans_cpge;sexef;sexem;bac1;bac2;bac3;bac4;bac5;bac6;bac7;bac_ageavance;bac_agea_l_heure;bac_ageretard;bac_ageso;attrac_nat_dep_bac1;attrac_nat_dep_bac2;attrac_nat_dep_bac3;attrac_nat_dep_bac4;attrac_nat_dep_bac5;attrac_nat_dep_bac9;mobilite_internm;attrac_interne;gd_discisciplinedsa;gd_discisciplinellsh;gd_discisciplinesi;gd_discisciplinestaps;discipline02;discipline04;discipline05;discipline06;discipline32;discipline09;discipline15;discipline33;discipline10;composante_id_region;composante_region;composante_id_academie;composante_academie;rentree;annee
2013-14;y61Kl;INSPÉ de l'Académie de Lyon;0694198N;etBz7;Université Claude Bernard - Lyon 1;Auvergne-Rhône-Alpes>Lyon;1647;1647;1648;1648;1183;464;471;420;515;84;49;18;90;88;1094;375;90;597;430;509;18;3;90;75;70;36;1312;131;168;36;163;258;891;;46;85;;168;R84;Auvergne-Rhône-Alpes;A10;Lyon;2013;2014
2014-15;76xsv;INSPÉ Centre Val-de-Loire;0451724E;HCBvW;Université d'Orléans;Centre-Val de Loire>Orléans-Tours;1588;1588;1589;1589;1205;383;452;414;552;49;47;16;58;203;985;342;58;620;352;554;4;;58;32;32;11;1410;94;73;11;69;118;1218;5;15;75;4;73;R24;Centre-Val de Loire;A18;Orléans-Tours;2014;2015
2014-15;DGwMY;INSPÉ Normandie Rouen - Le Havre;0763448K;G4572;Université de Rouen Normandie;Normandie;1515;1515;1515;1515;1081;434;454;438;408;92;55;11;57;86;987;385;57;929;288;231;8;2;57;45;41;;1515;;;;;19;1496;;;;;;R28;Normandie;A70;Normandie;2014;2015
2014-15;KK7hH;INSPÉ de l'Académie de Limoges;0875078X;nkbwh;Université de Limoges;Nouvelle-Aquitaine>Limoges;581;581;581;581;422;159;177;151;170;24;13;2;44;19;397;121;44;246;181;106;4;;44;43;42;;581;;;;;;581;;;;;;R75;Nouvelle-Aquitaine;A22;Limoges;2014;2015
2014-15;KT6Wc;INSPÉ de l'Académie de Reims;0512146F;57OsX;Université de Reims Champagne-Ardenne;Grand Est>Reims;976;976;976;976;687;289;264;240;325;61;50;11;25;59;647;245;25;434;362;150;5;;25;19;18;;976;;;;;;976;;;;;;R44;Grand Est;A19;Reims;2014;2015
2014-15;RIRbW;INSPÉ Bretagne;0352863X;pfa6S;Université européenne de Bretagne;Bretagne>Rennes;2862;2862;2868;2868;1918;944;888;721;951;98;90;20;94;139;1940;689;94;1102;755;891;20;;94;82;67;26;2495;192;149;26;202;164;2129;;77;115;;149;R53;Bretagne;A14;Rennes;2014;2015
2014-15;lZH01;INSPÉ de l'Académie de Paris;0755736C;kvciR;Université Paris-Sorbonne;Île-de-France>Paris;2929;2929;2931;2931;2131;798;1135;634;783;90;57;18;212;213;1840;664;212;509;1012;1130;66;;212;186;172;;2574;296;59;;56;119;2399;;136;160;;59;R11;Île-de-France;A01;Paris;2014;2015
2014-15;qCGMW;INSPÉ de l'académie de Guadeloupe;9711244A;z3hdL;Université des Antilles;Guadeloupe;509;509;511;511;394;115;165;80;177;49;20;11;7;33;279;190;7;413;39;48;2;;7;3;3;;509;;;;;;509;;;;;;R01;Guadeloupe;A32;Guadeloupe;2014;2015
2015-16;68SKK;INSPÉ de l'Académie de Bordeaux;0333296D;90I54;Université de Bordeaux;Nouvelle-Aquitaine>Bordeaux;2981;2981;2991;2991;2080;901;863;772;1000;100;106;29;111;178;2023;669;111;1119;681;1042;28;;111;100;93;;2981;;;;184;188;2609;;;;;;R75;Nouvelle-Aquitaine;A04;Bordeaux;2015;2016
2015-16;DGwMY;INSPÉ Normandie Rouen - Le Havre;0763448K;G4572;Université de Rouen Normandie;Normandie;1729;1729;1733;1733;1207;522;484;504;509;99;55;18;60;86;1136;447;60;1054;326;276;13;;60;41;35;;1729;;;;;22;1707;;;;;;R28;Normandie;A70;Normandie;2015;2016
2015-16;iyM2P;INSPÉ de l'Académie de Nancy-Metz;0542497W;t6Cq5;Université de Lorraine;Grand Est>Nancy-Metz;1902;1902;1907;1907;1300;602;473;464;643;106;93;42;81;77;1264;480;81;898;547;368;8;;81;54;53;72;1439;224;167;72;151;165;1123;0;50;174;;167;R44;Grand Est;A12;Nancy-Metz;2015;2016
2015-16;y7W8e;INSPÉ de l’Académie d'Amiens;0802142U;8j5s2;Université de Picardie Jules-Verne;Hauts-de-France>Amiens;1710;1710;1715;1715;1184;526;491;407;552;98;79;28;55;107;1046;502;55;531;839;269;16;;55;28;22;8;1390;173;139;8;151;110;1104;25;35;138;;139;R32;Hauts-de-France;A20;Amiens;2015;2016
2016-17;39jG7;INSPÉ de l'Académie de Besançon;0251983V;7Mpgt;Université de Franche-Comté;Bourgogne-Franche-Comté>Besançon;1065;1065;1065;1065;736;329;208;316;407;52;30;10;42;58;745;220;42;473;357;188;5;;42;37;34;28;819;127;91;28;41;79;696;3;25;102;;91;R27;Bourgogne-Franche-Comté;A03;Besançon;2016;2017
2016-17;58dQ3;INSPÉ de l’Académie d'Aix-Marseille;0134065Y;xJdyB;Aix-Marseille Université;Provence-Alpes-Côte d'Azur>Aix-Marseille;2972;2972;2975;2975;2076;896;755;676;904;185;145;76;231;189;1723;829;231;1324;544;836;37;;231;170;151;;2972;;;;;;2972;;;;;;R93;Provence-Alpes-Côte d'Azur;A02;Aix-Marseille;2016;2017
2016-17;Fe3rB;INSPÉ de l'académie de Guyane;9730475D;hy4EW;Université de Guyane;Guyane;664;664;665;665;521;143;159;151;90;113;46;58;47;20;260;337;47;413;69;129;6;;47;14;12;;664;;;;;;664;;;;;;R03;Guyane;A33;Guyane;2016;2017
2016-17;iFa3N;INSPÉ de l’Académie de Nice;0062109K;7CYWd;Université Nice - Sophia-Antipolis;Provence-Alpes-Côte d'Azur>Nice;1539;1539;1571;1571;1152;387;403;348;577;62;43;14;92;109;992;346;92;594;383;445;24;1;92;68;59;;1539;;;;;;1539;;;;;;R93;Provence-Alpes-Côte d'Azur;A23;Nice;2016;2017
2016-17;iyM2P;INSPÉ de l'Académie de Nancy-Metz;0542497W;t6Cq5;Université de Lorraine;Grand Est>Nancy-Metz;2160;2160;2179;2179;1523;637;503;562;705;120;123;45;102;75;1452;531;102;1035;611;403;9;;102;62;58;69;1667;239;185;69;154;168;1345;;56;183;;185;R44;Grand Est;A12;Nancy-Metz;2016;2017
2016-17;qVqhv;INSPÉ de l'Académie de Grenoble;0383473U;F2yh2;Université Grenoble Alpes;Auvergne-Rhône-Alpes>Grenoble;2366;2366;2496;2496;1708;658;527;625;899;93;98;21;103;148;1610;505;103;793;699;760;9;2;103;48;46;;2366;;;;;;2366;;;;;;R84;Auvergne-Rhône-Alpes;A08;Grenoble;2016;2017
2016-17;y61Kl;INSPÉ de l'Académie de Lyon;0694198N;etBz7;Université Claude Bernard - Lyon 1;Auvergne-Rhône-Alpes>Lyon;4881;4879;4968;4966;3533;1348;1250;1390;1527;250;189;60;215;283;3161;1222;215;1455;1113;2054;42;2;215;150;138;56;4825;;;56;119;177;4529;;;;;;R84;Auvergne-Rhône-Alpes;A10;Lyon;2016;2017
2017-18;49xLF;INSPÉ Toulouse Occitanie-Pyrénées;0312877J;HqAYu;Université Toulouse - Jean Jaurès;Occitanie>Toulouse;3224;3224;3307;3307;2320;904;810;738;1161;123;194;61;137;159;2227;701;137;946;804;1291;46;;137;104;80;;3224;;;;;;3224;;;;;;R76;Occitanie;A16;Toulouse;2017;2018
2017-18;68SKK;INSPÉ de l'Académie de Bordeaux;0333296D;90I54;Université de Bordeaux;Nouvelle-Aquitaine>Bordeaux;2765;2765;2775;2775;1911;854;740;689;993;97;96;42;108;204;1923;530;108;1027;646;965;19;;108;73;69;;2765;;;;;;2765;;;;;;R75;Nouvelle-Aquitaine;A04;Bordeaux;2017;2018
2017-18;76xsv;INSPÉ Centre Val-de-Loire;0451724E;HCBvW;Université d'Orléans;Centre-Val de Loire>Orléans-Tours;2264;2264;2270;2270;1623;641;602;560;776;88;102;35;101;179;1469;515;101;685;508;966;4;;101;54;52;;2019;139;106;;131;137;1741;10;25;108;6;106;R24;Centre-Val de Loire;A18;Orléans-Tours;2017;2018
2017-18;ASiVr;ESPE de la Nouvelle-Calédonie;9830690H;Z2FY5;Université de la Nouvelle-Calédonie;Collectivités d'outre-mer>Nouvelle-Calédonie;138;138;138;138;83;55;32;18;47;13;10;6;12;36;56;34;12;91;;34;1;;12;1;1;;138;;;;;;138;;;;;;R00;Collectivités d'outre-mer;A40;Nouvelle-Calédonie;2017;2018
2017-18;EqtZx;INSPÉ de l’Académie de Lille;0596983V;IZ3tY;Lille Nord de France;Hauts-de-France>Lille;5485;5485;5609;5609;3767;1718;1341;1364;2042;258;268;86;126;337;3861;1161;126;3359;1339;583;78;;126;132;75;;5485;;;;;;5485;;;;;;R32;Hauts-de-France;A09;Lille;2017;2018
2017-18;QOggm;INSPÉ de l'Académie de Poitiers;0861433R;hlX1r;Université de Poitiers;Nouvelle-Aquitaine>Poitiers;1474;1474;1481;1481;1067;407;379;389;519;57;70;14;46;69;1029;330;46;537;407;479;3;2;46;30;30;29;1267;78;100;29;41;56;1170;;34;44;;100;R75;Nouvelle-Aquitaine;A13;Poitiers;2017;2018
2017-18;X3ml2;INSPÉ de l'Académie de Strasbourg;0673068W;4k25D;Université de Strasbourg;Grand Est>Strasbourg;1920;1920;1945;1945;1400;520;411;509;723;79;86;25;87;71;1380;382;87;842;624;356;11;;87;66;67;;1920;;;;;24;1896;;;;;;R44;Grand Est;A15;Strasbourg;2017;2018
2017-18;j2I1q;INSPÉ de l'Académie de Corse;7200739R;NLCOF;Université de Corse Pasquale Paoli;Corse;296;296;299;299;228;68;93;88;86;8;9;3;9;21;209;57;9;240;11;33;3;;9;8;8;;296;;;;;;296;;;;;;R94;Corse;A27;Corse;2017;2018
2017-18;lZH01;INSPÉ de l'Académie de Paris;0755736C;bxPQe;Sorbonne Université;Île-de-France>Paris;3046;3046;3058;3058;2202;844;1046;665;962;74;65;29;205;220;1976;645;205;538;1028;1183;92;;205;198;169;;2655;296;95;;38;104;2513;;113;183;;95;R11;Île-de-France;A01;Paris;2017;2018
2017-18;mNtOh;INSPÉ Normandie Caen;0142393A;p25Q3;Université de Caen Normandie;Normandie;1242;1242;1243;1243;864;378;306;333;429;49;68;15;42;62;881;257;42;534;465;197;4;;42;31;27;;1242;;;;;;1242;;;;;;R28;Normandie;A70;Normandie;2017;2018
2017-18;qVqhv;INSPÉ de l'Académie de Grenoble;0383473U;F2yh2;Université Grenoble Alpes;Auvergne-Rhône-Alpes>Grenoble;2205;2205;2344;2344;1556;649;457;585;916;69;80;16;82;158;1520;445;82;731;659;726;7;;82;40;38;;2205;;;;;;2205;;;;;;R84;Auvergne-Rhône-Alpes;A08;Grenoble;2017;2018
2018-19;QOggm;INSPÉ de l'Académie de Poitiers;0861433R;hlX1r;Université de Poitiers;Nouvelle-Aquitaine>Poitiers;1321;1321;1322;1322;929;392;303;362;504;42;55;18;37;68;970;246;37;521;349;411;2;1;37;23;23;;1321;;;;;;1321;;;;;;R75;Nouvelle-Aquitaine;A13;Poitiers;2018;2019
2018-19;RIRbW;INSPÉ Bretagne;0352863X;06SE7;Université de Bretagne Occidentale;Bretagne>Rennes;2965;2965;2980;2980;1976;989;712;773;1115;99;113;26;127;128;2133;577;127;1149;828;848;12;1;127;98;92;;2965;;;;;;2965;;;;;;R53;Bretagne;A14;Rennes;2018;2019
2018-19;iFa3N;INSPÉ de l’Académie de Nice;0062109K;7CYWd;Université Nice - Sophia-Antipolis;Provence-Alpes-Côte d'Azur>Nice;1343;1343;1345;1345;1003;340;330;315;532;45;37;13;71;88;932;252;71;568;345;334;25;;71;57;47;;1343;;;;;;1343;;;;;;R93;Provence-Alpes-Côte d'Azur;A23;Nice;2018;2019
2018-19;j2I1q;INSPÉ de l'Académie de Corse;7200739R;NLCOF;Université de Corse Pasquale Paoli;Corse;314;314;317;317;238;76;92;87;100;12;14;1;8;21;238;47;8;231;13;58;4;;8;6;4;;314;;;;;;314;;;;;;R94;Corse;A27;Corse;2018;2019
2018-19;qCGMW;INSPÉ de l'académie de Guadeloupe;9711244A;z3hdL;Université des Antilles;Guadeloupe;483;483;486;486;367;116;118;87;180;36;24;18;20;36;285;142;20;372;43;48;;;20;5;5;;483;;;;;;483;;;;;;R01;Guadeloupe;A32;Guadeloupe;2018;2019
2018-19;qVqhv;INSPÉ de l'Académie de Grenoble;0383473U;F2yh2;Université Grenoble Alpes;Auvergne-Rhône-Alpes>Grenoble;2046;2046;2161;2161;1463;583;444;514;883;57;66;21;61;182;1432;371;61;686;624;662;13;;61;37;34;;2046;;;;;;2046;;;;;;R84;Auvergne-Rhône-Alpes;A08;Grenoble;2018;2019
2019-20;49xLF;INSPÉ Toulouse Occitanie-Pyrénées;0312877J;HqAYu;Université Toulouse - Jean Jaurès;Occitanie>Toulouse;3026;3026;3101;3101;2245;781;703;699;1165;107;180;65;107;160;2222;537;107;934;751;1202;32;;107;93;78;;3026;;;;;;3026;;;;;;R76;Occitanie;A16;Toulouse;2019;2020
2019-20;M8Y6c;INSPÉ de l'Académie de Versailles;0783634B;RS4WF;CY Cergy Paris Université;Île-de-France>Versailles;4854;4854;4874;4874;3628;1226;1119;1289;1461;359;263;109;254;236;3022;1342;254;1350;1390;1810;49;1;254;125;117;;4854;;;;;;4854;;;;;;R11;Île-de-France;A25;Versailles;2019;2020
2019-20;j2I1q;INSPÉ de l'Académie de Corse;7200739R;NLCOF;Université de Corse Pasquale Paoli;Corse;333;333;336;336;248;85;96;87;101;23;18;2;6;19;265;43;6;245;15;64;3;;6;6;5;;333;;;;;;333;;;;;;R94;Corse;A27;Corse;2019;2020
2019-20;y61Kl;INSPÉ de l'Académie de Lyon;0694198N;etBz7;Université Claude Bernard - Lyon 1;Auvergne-Rhône-Alpes>Lyon;4425;4425;4458;4458;3254;1171;975;1180;1665;185;214;73;133;335;3123;834;133;1435;1093;1733;29;2;133;91;87;;4425;;;;;;4425;;;;;;R84;Auvergne-Rhône-Alpes;A10;Lyon;2019;2020
2020-21;KT6Wc;INSPÉ de l'Académie de Reims;0512146F;57OsX;Université de Reims Champagne-Ardenne;Grand Est>Reims;1107;1107;1122;1122;775;332;223;272;438;55;55;17;47;53;818;189;47;444;410;202;4;;47;40;38;;1107;;;;;;1107;;;;;;R44;Grand Est;A19;Reims;2020;2021
2020-21;QgvQ6;INSPÉ de l'Académie de Créteil;0942353X;vb71K;Université Paris-Est Créteil;Île-de-France>Créteil;4600;4600;4606;4606;3248;1352;1087;1004;1341;358;266;146;398;174;2739;1289;398;818;1863;1484;35;2;398;186;170;;4600;;;;;;4600;;;;;;R11;Île-de-France;A24;Créteil;2020;2021
2020-21;cb6n7;INSPÉ Clermont Auvergne;0632024H;K4lR3;Université Clermont Auvergne;Auvergne-Rhône-Alpes>Clermont-Ferrand;932;932;932;932;637;295;216;203;419;20;31;10;33;46;707;146;33;344;322;231;2;;33;24;24;;932;;;;;;932;;;;;;R84;Auvergne-Rhône-Alpes;A06;Clermont-Ferrand;2020;2021
2020-21;lZH01;INSPÉ de l'Académie de Paris;0755736C;bxPQe;Sorbonne Université;Île-de-France>Paris;2709;2709;2712;2712;1936;773;932;617;831;63;65;31;170;168;1833;538;170;525;954;997;63;;170;133;107;;2709;;;;;;2709;;;;;;R11;Île-de-France;A01;Paris;2020;2021
2020-21;y61Kl;INSPÉ de l'Académie de Lyon;0694198N;etBz7;Université Claude Bernard - Lyon 1;Auvergne-Rhône-Alpes>Lyon;4254;4254;4282;4282;3124;1130;981;1183;1549;161;207;62;111;282;3098;763;111;1403;1070;1645;25;;111;91;81;;4254;;;;;;4254;;;;;;R84;Auvergne-Rhône-Alpes;A10;Lyon;2020;2021
2013-14;58dQ3;INSPÉ de l’Académie d'Aix-Marseille;0134065Y;xJdyB;Aix-Marseille Université;Provence-Alpes-Côte d'Azur>Aix-Marseille;1600;1600;1608;1608;1147;453;476;389;409;81;63;33;149;74;900;477;149;762;279;381;29;;149;146;124;83;1266;182;69;83;72;195;985;14;71;100;11;69;R93;Provence-Alpes-Côte d'Azur;A02;Aix-Marseille;2013;2014
2013-14;RIRbW;INSPÉ Bretagne;0352863X;pfa6S;Université européenne de Bretagne;Bretagne>Rennes;1433;1433;1437;1437;965;468;438;414;398;59;51;10;63;65;958;347;63;638;357;366;9;;63;57;48;19;1152;141;121;19;137;204;811;;40;88;13;121;R53;Bretagne;A14;Rennes;2013;2014
2013-14;X3ml2;INSPÉ de l'Académie de Strasbourg;0673068W;4k25D;Université de Strasbourg;Grand Est>Strasbourg;799;799;801;801;564;235;211;229;245;30;23;11;50;31;534;184;50;331;279;133;6;;50;39;36;45;648;68;38;45;71;82;485;10;14;47;7;38;R44;Grand Est;A15;Strasbourg;2013;2014
2013-14;cb6n7;INSPÉ Clermont Auvergne;0632024H;n1E6T;Université Blaise-Pascal;Auvergne-Rhône-Alpes>Clermont-Ferrand;432;432;433;433;313;119;127;105;142;20;9;5;24;20;296;92;24;153;143;110;2;;24;23;22;14;325;55;38;14;25;81;213;6;19;32;4;38;R84;Auvergne-Rhône-Alpes;A06;Clermont-Ferrand;2013;2014
2013-14;iFa3N;INSPÉ de l’Académie de Nice;0062109K;7CYWd;Université Nice - Sophia-Antipolis;Provence-Alpes-Côte d'Azur>Nice;588;588;588;588;416;172;163;136;202;33;18;4;32;30;392;134;32;387;72;89;8;;32;20;19;22;443;95;28;22;32;64;347;;14;81;;28;R93;Provence-Alpes-Côte d'Azur;A23;Nice;2013;2014
2013-14;iyM2P;INSPÉ de l'Académie de Nancy-Metz;0542497W;t6Cq5;Université de Lorraine;Grand Est>Nancy-Metz;920;920;921;921;644;276;261;240;292;47;36;9;35;47;614;224;35;477;279;121;8;;35;25;21;11;745;92;72;11;56;91;598;;21;71;;72;R44;Grand Est;A12;Nancy-Metz;2013;2014
2013-14;j2I1q;INSPÉ de l'Académie de Corse;7200739R;NLCOF;Université de Corse Pasquale Paoli;Corse;146;146;146;146;119;27;51;32;46;9;5;1;2;8;108;28;2;122;6;14;2;;2;2;2;;131;8;7;;2;20;109;;3;5;;7;R94;Corse;A27;Corse;2013;2014
2013-14;lZH01;INSPÉ de l'Académie de Paris;0755736C;kvciR;Université Paris-Sorbonne;Île-de-France>Paris;1414;1414;1435;1435;1088;326;559;288;356;35;27;9;140;80;874;320;140;245;546;456;27;;140;123;116;;1228;161;25;;199;382;647;;59;77;25;25;R11;Île-de-France;A01;Paris;2013;2014
2014-15;39jG7;INSPÉ de l'Académie de Besançon;0251983V;7Mpgt;Université de Franche-Comté;Bourgogne-Franche-Comté>Besançon;1074;1074;1075;1075;699;375;254;287;383;57;37;10;46;54;727;247;46;466;376;174;11;1;46;43;40;13;838;125;98;13;26;84;719;9;20;105;;98;R27;Bourgogne-Franche-Comté;A03;Besançon;2014;2015
2014-15;QgvQ6;INSPÉ de l'Académie de Créteil;0942353X;vb71K;Université Paris-Est Créteil;Île-de-France>Créteil;3696;3696;3714;3714;2658;1038;1003;932;940;297;187;78;259;189;2103;1145;259;582;1428;1386;41;;259;159;132;116;3208;199;173;116;124;196;2834;54;56;126;17;173;R11;Île-de-France;A24;Créteil;2014;2015
2014-15;iFa3N;INSPÉ de l’Académie de Nice;0062109K;7CYWd;Université Nice - Sophia-Antipolis;Provence-Alpes-Côte d'Azur>Nice;1258;1258;1263;1263;923;335;357;280;470;46;22;8;75;71;833;279;75;527;334;299;23;;75;60;48;;1258;;;;;;1258;;;;;;R93;Provence-Alpes-Côte d'Azur;A23;Nice;2014;2015
2014-15;j2I1q;INSPÉ de l'Académie de Corse;7200739R;NLCOF;Université de Corse Pasquale Paoli;Corse;290;290;290;290;233;57;107;63;85;14;11;4;6;22;213;49;6;238;8;34;4;;6;7;7;;290;;;;;;290;;;;;;R94;Corse;A27;Corse;2014;2015
2014-15;y61Kl;INSPÉ de l'Académie de Lyon;0694198N;etBz7;Université Claude Bernard - Lyon 1;Auvergne-Rhône-Alpes>Lyon;4124;4124;4135;4135;3071;1053;1147;1105;1296;187;144;45;200;269;2674;981;200;1195;971;1712;41;5;200;149;133;57;3934;38;95;57;233;444;3257;;14;24;;95;R84;Auvergne-Rhône-Alpes;A10;Lyon;2014;2015
2015-16;39jG7;INSPÉ de l'Académie de Besançon;0251983V;7Mpgt;Université de Franche-Comté;Bourgogne-Franche-Comté>Besançon;1178;1178;1519;1519;800;378;245;334;436;74;30;10;49;56;813;260;49;527;377;213;12;;49;45;41;25;912;137;104;25;33;80;787;12;29;108;;104;R27;Bourgogne-Franche-Comté;A03;Besançon;2015;2016
2015-16;45g5M;ESPE de la Polynésie Française;9840468L;zepT6;Université de la Polynésie Française;Collectivités d'outre-mer>Polynésie Française;419;419;420;420;331;88;115;90;83;85;13;15;18;27;226;148;18;368;;31;1;1;18;1;2;;419;;;;;;419;;;;;;R00;Collectivités d'outre-mer;A41;Polynésie Française;2015;2016
2015-16;49xLF;INSPÉ Toulouse Occitanie-Pyrénées;0312877J;HqAYu;Université Toulouse - Jean Jaurès;Occitanie>Toulouse;3044;3043;3095;3094;2137;907;875;659;1039;115;166;47;143;164;1994;743;143;852;735;1276;38;;143;112;92;139;2420;303;182;139;198;224;1976;22;89;214;;182;R76;Occitanie;A16;Toulouse;2015;2016
2015-16;76xsv;INSPÉ Centre Val-de-Loire;0451724E;HCBvW;Université d'Orléans;Centre-Val de Loire>Orléans-Tours;1998;1998;2003;2003;1483;515;567;526;652;73;74;23;83;202;1254;459;83;625;463;821;6;;83;43;42;11;1809;94;84;11;76;138;1591;4;29;63;2;84;R24;Centre-Val de Loire;A18;Orléans-Tours;2015;2016
2015-16;EqtZx;INSPÉ de l’Académie de Lille;0596983V;IZ3tY;Lille Nord de France;Hauts-de-France>Lille;5055;5055;5155;5155;3414;1641;1341;1301;1753;226;224;70;140;304;3405;1206;140;3058;1123;598;136;;140;182;76;;5055;;;;;;5055;;;;;;R32;Hauts-de-France;A09;Lille;2015;2016
2015-16;Fe3rB;INSPÉ de l'académie de Guyane;9730475D;hy4EW;Université de Guyane;Guyane;653;653;657;657;511;142;152;136;84;102;54;71;54;24;216;359;54;428;64;104;3;;54;17;16;;653;;;;;;653;;;;;;R03;Guyane;A33;Guyane;2015;2016
2015-16;KT6Wc;INSPÉ de l'Académie de Reims;0512146F;57OsX;Université de Reims Champagne-Ardenne;Grand Est>Reims;1192;1192;1210;1210;872;320;312;296;408;71;49;16;40;55;768;329;40;550;384;208;10;;40;26;22;;1192;;;;;;1192;;;;;;R44;Grand Est;A19;Reims;2015;2016
2015-16;iFa3N;INSPÉ de l’Académie de Nice;0062109K;7CYWd;Université Nice - Sophia-Antipolis;Provence-Alpes-Côte d'Azur>Nice;1537;1537;1547;1547;1106;431;423;354;573;62;34;16;75;95;989;378;75;601;380;440;39;2;75;57;41;;1537;;;;;;1537;;;;;;R93;Provence-Alpes-Côte d'Azur;A23;Nice;2015;2016
2015-16;lZH01;INSPÉ de l'Académie de Paris;0755736C;kvciR;Université Paris-Sorbonne;Île-de-France>Paris;2977;2977;2978;2978;2126;851;1075;627;882;81;63;21;228;220;1857;672;228;503;990;1196;60;;228;187;174;;2570;344;63;;34;114;2422;;133;211;;63;R11;Île-de-France;A01;Paris;2015;2016
2015-16;qCGMW;INSPÉ de l'académie de Guadeloupe;9711244A;z3hdL;Université des Antilles;Guadeloupe;444;444;444;444;345;99;145;67;158;35;19;11;9;37;265;133;9;348;36;51;;;9;3;3;;444;;;;;;444;;;;;;R01;Guadeloupe;A32;Guadeloupe;2015;2016
2016-17;76xsv;INSPÉ Centre Val-de-Loire;0451724E;HCBvW;Université d'Orléans;Centre-Val de Loire>Orléans-Tours;2199;2199;2203;2203;1565;634;625;557;742;67;96;29;83;228;1388;500;83;659;469;984;4;;83;39;39;3;1970;130;96;3;110;138;1714;8;28;97;5;96;R24;Centre-Val de Loire;A18;Orléans-Tours;2016;2017
2016-17;EqtZx;INSPÉ de l’Académie de Lille;0596983V;IZ3tY;Lille Nord de France;Hauts-de-France>Lille;5474;5474;5599;5599;3709;1765;1435;1314;2016;242;274;81;112;338;3783;1241;112;3260;1324;633;145;;112;183;64;;5474;;;;;;5474;;;;;;R32;Hauts-de-France;A09;Lille;2016;2017
2016-17;RIRbW;INSPÉ Bretagne;0352863X;XIGGw;Université Bretagne Loire;Bretagne>Rennes;3341;3341;3347;3347;2235;1106;910;847;1159;146;138;46;95;188;2208;850;95;1208;865;1138;33;2;95;75;53;29;2920;165;227;29;172;161;2587;;61;104;;227;R53;Bretagne;A14;Rennes;2016;2017
2016-17;Rb9OR;INSPÉ de l'Académie de  Montpellier;0342322P;4TeGd;Languedoc-Roussillon Universités;Occitanie>Montpellier;3453;3453;3460;3460;2533;920;905;848;1082;212;174;58;174;178;2150;951;174;1233;572;1420;53;1;174;150;120;33;3420;;;33;144;145;3131;;;;;;R76;Occitanie;A11;Montpellier;2016;2017
2016-17;cb6n7;INSPÉ Clermont Auvergne;0632024H;FvH4k;Université Clermont Auvergne;Auvergne-Rhône-Alpes>Clermont-Ferrand;1039;1039;1045;1045;729;310;268;231;420;29;51;14;26;50;747;216;26;322;390;293;8;;26;23;18;20;823;112;84;20;25;66;720;12;31;66;15;84;R84;Auvergne-Rhône-Alpes;A06;Clermont-Ferrand;2016;2017
2016-17;qCGMW;INSPÉ de l'académie de Guadeloupe;9711244A;z3hdL;Université des Antilles;Guadeloupe;539;539;540;540;427;112;163;76;211;35;24;15;15;41;306;177;15;409;48;67;;;15;3;3;;539;;;;;;539;;;;;;R01;Guadeloupe;A32;Guadeloupe;2016;2017
2017-18;39jG7;INSPÉ de l'Académie de Besançon;0251983V;7Mpgt;Université de Franche-Comté;Bourgogne-Franche-Comté>Besançon;1024;1024;1024;1024;724;300;211;287;414;38;30;9;35;49;744;196;35;437;352;197;3;;35;26;25;;1024;;;;;;1024;;;;;;R27;Bourgogne-Franche-Comté;A03;Besançon;2017;2018
2017-18;DGwMY;INSPÉ Normandie Rouen - Le Havre;0763448K;G4572;Université de Rouen Normandie;Normandie;2028;2028;2031;2031;1475;553;588;543;655;98;76;23;45;108;1408;467;45;1203;410;364;6;;45;29;26;;2028;;;;;;2028;;;;;;R28;Normandie;A70;Normandie;2017;2018
2017-18;KT6Wc;INSPÉ de l'Académie de Reims;0512146F;57OsX;Université de Reims Champagne-Ardenne;Grand Est>Reims;1252;1252;1270;1270;878;374;284;317;433;65;80;21;52;60;824;316;52;540;406;247;7;;52;35;33;;1252;;;;;;1252;;;;;;R44;Grand Est;A19;Reims;2017;2018
2017-18;iFa3N;INSPÉ de l’Académie de Nice;0062109K;7CYWd;Université Nice - Sophia-Antipolis;Provence-Alpes-Côte d'Azur>Nice;1485;1485;1515;1515;1107;378;379;329;572;58;44;19;84;80;1018;303;84;623;364;386;27;1;84;64;53;;1485;;;;;;1485;;;;;;R93;Provence-Alpes-Côte d'Azur;A23;Nice;2017;2018
2017-18;qCGMW;INSPÉ de l'académie de Guadeloupe;9711244A;z3hdL;Université des Antilles;Guadeloupe;483;483;484;484;377;106;122;99;177;30;25;15;15;36;289;143;15;365;38;65;;;15;5;5;;483;;;;;;483;;;;;;R01;Guadeloupe;A32;Guadeloupe;2017;2018
2018-19;68SKK;INSPÉ de l'Académie de Bordeaux;0333296D;90I54;Université de Bordeaux;Nouvelle-Aquitaine>Bordeaux;2678;2678;2681;2681;1838;840;699;650;1028;99;94;32;76;195;1934;473;76;1002;625;956;19;;76;51;44;;2678;;;;;;2678;;;;;;R75;Nouvelle-Aquitaine;A04;Bordeaux;2018;2019
2018-19;EqtZx;INSPÉ de l’Académie de Lille;0596983V;IZ3tY;Lille Nord de France;Hauts-de-France>Lille;5460;5460;5504;5504;3743;1717;1299;1385;2068;212;273;87;136;326;3952;1046;136;3386;1319;565;54;;136;127;94;;5460;;;;;;5460;;;;;;R32;Hauts-de-France;A09;Lille;2018;2019
2018-19;KT6Wc;INSPÉ de l'Académie de Reims;0512146F;57OsX;Université de Reims Champagne-Ardenne;Grand Est>Reims;1134;1134;1159;1159;830;304;275;274;381;63;67;16;58;55;773;248;58;529;354;189;4;;58;40;36;;1134;;;;;;1134;;;;;;R44;Grand Est;A19;Reims;2018;2019
2018-19;QgvQ6;INSPÉ de l'Académie de Créteil;0942353X;vb71K;Université Paris-Est Créteil;Île-de-France>Créteil;4472;4472;4484;4484;3222;1250;1059;1045;1230;378;227;121;412;198;2543;1319;412;720;1832;1468;40;;412;176;165;;4472;;;;;;4472;;;;;;R11;Île-de-France;A24;Créteil;2018;2019
2018-19;cb6n7;INSPÉ Clermont Auvergne;0632024H;FvH4k;Université Clermont Auvergne;Auvergne-Rhône-Alpes>Clermont-Ferrand;1072;1072;1072;1072;722;350;263;222;447;41;52;14;33;74;772;193;33;357;370;307;5;;33;21;18;;1072;;;;;;1072;;;;;;R84;Auvergne-Rhône-Alpes;A06;Clermont-Ferrand;2018;2019
2018-19;iyM2P;INSPÉ de l'Académie de Nancy-Metz;0542497W;t6Cq5;Université de Lorraine;Grand Est>Nancy-Metz;2182;2182;2207;2207;1534;648;494;555;777;93;110;56;97;86;1543;456;97;1009;649;424;3;;97;52;51;;2182;;;;;;2182;;;;;;R44;Grand Est;A12;Nancy-Metz;2018;2019
2018-19;lZH01;INSPÉ de l'Académie de Paris;0755736C;bxPQe;Sorbonne Université;Île-de-France>Paris;3168;3168;3171;3171;2258;910;1042;679;1045;94;70;25;213;228;2042;685;213;574;1185;1109;87;;213;192;157;;2950;138;80;;46;106;2798;;51;87;;80;R11;Île-de-France;A01;Paris;2018;2019
2019-20;39cGg;INSPÉ de l'Académie de Nantes;0442764R;7hB8r;Université de Nantes;Pays de la Loire>Nantes;3560;3560;3645;3645;2585;975;776;1063;1335;113;149;60;64;207;2733;556;64;1098;1119;1248;30;1;64;38;32;;3560;;;;;;3560;;;;;;R52;Pays de la Loire;A17;Nantes;2019;2020
2019-20;45g5M;ESPE de la Polynésie Française;9840468L;zepT6;Université de la Polynésie Française;Collectivités d'outre-mer>Polynésie Française;303;303;309;309;232;71;88;69;70;48;9;10;9;21;179;94;9;276;;18;;;9;1;1;;303;;;;;;303;;;;;;R00;Collectivités d'outre-mer;A41;Polynésie Française;2019;2020
2019-20;DGwMY;INSPÉ Normandie Rouen - Le Havre;0763448K;G4572;Université de Rouen Normandie;Normandie;1781;1781;1789;1789;1289;492;488;461;642;61;65;28;36;121;1282;342;36;1071;398;264;12;;36;31;22;;1781;;;;;;1781;;;;;;R28;Normandie;A70;Normandie;2019;2020
2019-20;KK7hH;INSPÉ de l'Académie de Limoges;0875078X;nkbwh;Université de Limoges;Nouvelle-Aquitaine>Limoges;597;597;597;597;420;177;170;141;239;9;24;6;8;37;455;97;8;245;216;125;3;;8;8;6;;597;;;;;;597;;;;;;R75;Nouvelle-Aquitaine;A22;Limoges;2019;2020
2019-20;Rb9OR;INSPÉ de l'Académie de  Montpellier;0342322P;7yd5d;Université de Montpellier;Occitanie>Montpellier;2582;2582;2588;2588;1837;745;565;643;908;127;144;55;140;135;1751;556;140;958;497;965;22;;140;107;100;;2582;;;;;;2582;;;;;;R76;Occitanie;A11;Montpellier;2019;2020
2019-20;Ve8hU;INSPÉ de l’Académie de la Réunion;9741606C;cEt92;Université de La Réunion;La Réunion;1433;1433;1433;1433;1044;389;372;320;458;143;54;36;50;72;912;399;50;941;222;208;12;;50;18;15;;1433;;;;;;1433;;;;;;R04;La Réunion;A28;La Réunion;2019;2020
2019-20;X3ml2;INSPÉ de l'Académie de Strasbourg;0673068W;4k25D;Université de Strasbourg;Grand Est>Strasbourg;1723;1723;1738;1738;1268;455;384;464;667;51;52;24;81;67;1293;282;81;704;593;336;9;;81;64;62;;1723;;;;;;1723;;;;;;R44;Grand Est;A15;Strasbourg;2019;2020
2019-20;cb6n7;INSPÉ Clermont Auvergne;0632024H;FvH4k;Université Clermont Auvergne;Auvergne-Rhône-Alpes>Clermont-Ferrand;1066;1066;1067;1067;725;341;230;230;462;37;44;14;49;61;786;170;49;355;365;296;1;;49;36;36;;1066;;;;;;1066;;;;;;R84;Auvergne-Rhône-Alpes;A06;Clermont-Ferrand;2019;2020
2019-20;lZH01;INSPÉ de l'Académie de Paris;0755736C;bxPQe;Sorbonne Université;Île-de-France>Paris;2893;2893;2894;2894;2061;832;1036;622;900;69;77;25;164;194;1910;625;164;517;1077;1050;85;;164;154;116;;2893;;;;;;2893;;;;;;R11;Île-de-France;A01;Paris;2019;2020
2020-21;39cGg;INSPÉ de l'Académie de Nantes;0442764R;7hB8r;Université de Nantes;Pays de la Loire>Nantes;3487;3487;3564;3564;2511;976;771;1002;1344;110;138;56;66;216;2736;469;66;1055;1091;1248;26;1;66;33;27;;3487;;;;;;3487;;;;;;R52;Pays de la Loire;A17;Nantes;2020;2021
2020-21;45g5M;ESPE de la Polynésie Française;9840468L;zepT6;Université de la Polynésie Française;Collectivités d'outre-mer>Polynésie Française;191;191;191;191;151;40;55;47;44;29;6;6;4;23;116;48;4;179;;8;;;4;;;;191;;;;;;191;;;;;;R00;Collectivités d'outre-mer;A41;Polynésie Française;2020;2021
2020-21;76xsv;INSPÉ Centre Val-de-Loire;0451724E;HCBvW;Université d'Orléans;Centre-Val de Loire>Orléans-Tours;2148;2148;2154;2154;1541;607;477;548;838;63;111;37;74;110;1610;354;74;750;519;802;3;;74;40;39;;2148;;;;;;2148;;;;;;R24;Centre-Val de Loire;A18;Orléans-Tours;2020;2021
2020-21;DGwMY;INSPÉ Normandie Rouen - Le Havre;0763448K;G4572;Université de Rouen Normandie;Normandie;1785;1785;1786;1786;1296;489;466;473;648;63;72;27;36;119;1335;295;36;1048;430;259;12;;36;31;24;;1785;;;;;;1785;;;;;;R28;Normandie;A70;Normandie;2020;2021
2020-21;Fe3rB;INSPÉ de l'académie de Guyane;9730475D;hy4EW;Université de Guyane;Guyane;688;688;689;689;546;142;138;134;83;96;52;82;103;22;273;290;103;437;36;105;7;;103;29;25;;688;;;;;;688;;;;;;R03;Guyane;A33;Guyane;2020;2021
2020-21;M8Y6c;INSPÉ de l'Académie de Versailles;0783634B;RS4WF;CY Cergy Paris Université;Île-de-France>Versailles;5098;5098;5122;5122;3767;1331;1108;1350;1569;363;291;94;323;263;3203;1309;323;1349;1465;1893;67;1;323;200;176;;5098;;;;;;5098;;;;;;R11;Île-de-France;A25;Versailles;2020;2021
2020-21;QOggm;INSPÉ de l'Académie de Poitiers;0861433R;hlX1r;Université de Poitiers;Nouvelle-Aquitaine>Poitiers;1446;1446;1446;1446;1037;409;320;401;573;30;54;16;52;88;1108;198;52;518;390;480;6;;52;34;32;;1446;;;;;;1446;;;;;;R75;Nouvelle-Aquitaine;A13;Poitiers;2020;2021
2020-21;VUz2Y;INSPÉ de Bourgogne;0212218X;Lr94O;Université de Bourgogne;Bourgogne-Franche-Comté>Dijon;1318;1318;1335;1335;892;426;283;313;558;51;58;19;36;66;1004;212;36;434;505;333;10;;36;26;22;;1318;;;;;;1318;;;;;;R27;Bourgogne-Franche-Comté;A07;Dijon;2020;2021
2020-21;j2I1q;INSPÉ de l'Académie de Corse;7200739R;NLCOF;Université de Corse Pasquale Paoli;Corse;338;338;338;338;258;80;90;85;111;23;13;3;13;14;265;46;13;250;19;55;1;;13;9;9;;338;;;;;;338;;;;;;R94;Corse;A27;Corse;2020;2021
2020-21;mNtOh;INSPÉ Normandie Caen;0142393A;p25Q3;Université de Caen Normandie;Normandie;1084;1084;1084;1084;760;324;259;295;428;24;29;19;30;61;842;151;30;461;398;193;2;;30;24;25;;1084;;;;;;1084;;;;;;R28;Normandie;A70;Normandie;2020;2021
2020-21;qCGMW;INSPÉ de l'académie de Guadeloupe;9711244A;z3hdL;Université des Antilles;Guadeloupe;458;458;458;458;350;108;120;76;185;28;24;14;11;34;315;98;11;338;45;63;1;;11;3;2;;458;;;;;;458;;;;;;R01;Guadeloupe;A32;Guadeloupe;2020;2021
2013-14;EqtZx;INSPÉ de l’Académie de Lille;0596983V;IZ3tY;Lille Nord de France;Hauts-de-France>Lille;2204;2204;2204;2204;1468;736;589;590;750;101;90;24;60;142;1462;540;60;1394;522;153;74;1;60;104;38;96;1674;208;226;96;158;262;1250;4;74;134;;226;R32;Hauts-de-France;A09;Lille;2013;2014
2013-14;KK7hH;INSPÉ de l'Académie de Limoges;0875078X;nkbwh;Université de Limoges;Nouvelle-Aquitaine>Limoges;291;291;291;291;198;93;93;64;83;15;3;1;32;8;190;61;32;107;105;44;3;;32;31;31;;224;48;19;;16;27;181;;;48;;19;R75;Nouvelle-Aquitaine;A22;Limoges;2013;2014
2013-14;M8Y6c;INSPÉ de l'Académie de Versailles;0783634B;W6CUQ;Université de Cergy-Pontoise;Île-de-France>Versailles;1737;1737;1738;1738;1291;446;428;435;460;158;105;19;132;65;941;599;132;560;534;489;22;;132;106;98;25;1460;129;123;25;11;104;1305;40;18;52;59;123;R11;Île-de-France;A25;Versailles;2013;2014
2013-14;QOggm;INSPÉ de l'Académie de Poitiers;0861433R;hlX1r;Université de Poitiers;Nouvelle-Aquitaine>Poitiers;567;567;567;567;394;173;169;148;182;26;20;5;17;28;375;147;17;177;226;145;2;;17;14;14;8;446;63;50;8;16;41;389;;22;41;;50;R75;Nouvelle-Aquitaine;A13;Poitiers;2013;2014
2013-14;Rb9OR;INSPÉ de l'Académie de  Montpellier;0342322P;4TeGd;Languedoc-Roussillon Universités;Occitanie>Montpellier;1535;1535;1537;1537;1153;382;452;400;434;105;49;22;73;64;975;423;73;566;265;603;28;;73;74;63;63;1324;84;64;63;60;166;1057;41;24;60;;64;R76;Occitanie;A11;Montpellier;2013;2014
2013-14;WjV5I;INSPÉ de l'Académie de Martinique;9720894P;XDl91;Université des Antilles et de la Guyane;Martinique;142;142;142;142;119;23;58;19;30;20;4;5;6;7;79;50;6;112;13;10;1;;6;2;1;;134;8;;;12;34;87;1;;8;;;R02;Martinique;A31;Martinique;2013;2014
2014-15;39cGg;INSPÉ de l'Académie de Nantes;0442764R;7hB8r;Université de Nantes;Pays de la Loire>Nantes;3250;3250;3256;3256;2405;845;901;983;1006;142;117;30;71;165;2275;739;71;1110;885;1142;42;;71;39;34;53;2802;252;143;53;102;152;2528;20;42;112;98;143;R52;Pays de la Loire;A17;Nantes;2014;2015
2014-15;ASiVr;ESPE de la Nouvelle-Calédonie;9830690H;Z2FY5;Université de la Nouvelle-Calédonie;Collectivités d'outre-mer>Nouvelle-Calédonie;97;97;97;97;59;38;20;18;55;;1;;3;40;33;21;3;77;;17;;;3;1;1;;97;;;;;;97;;;;;;R00;Collectivités d'outre-mer;A40;Nouvelle-Calédonie;2014;2015
2014-15;EqtZx;INSPÉ de l’Académie de Lille;0596983V;IZ3tY;Lille Nord de France;Hauts-de-France>Lille;3978;3978;3980;3980;2709;1269;1078;1070;1393;168;151;34;84;267;2733;894;84;2488;874;414;117;1;84;150;57;122;3215;318;323;122;247;331;2625;12;94;224;;323;R32;Hauts-de-France;A09;Lille;2014;2015
2014-15;QOggm;INSPÉ de l'Académie de Poitiers;0861433R;hlX1r;Université de Poitiers;Nouvelle-Aquitaine>Poitiers;1222;1222;1224;1224;864;358;345;337;405;41;34;12;48;60;816;298;48;441;355;374;4;;48;41;40;15;1054;68;85;15;35;71;948;;25;43;;85;R75;Nouvelle-Aquitaine;A13;Poitiers;2014;2015
2014-15;Rb9OR;INSPÉ de l'Académie de  Montpellier;0342322P;4TeGd;Languedoc-Roussillon Universités;Occitanie>Montpellier;2910;2910;3026;3026;2066;844;842;694;913;188;107;32;134;145;1816;815;134;949;482;1278;67;;134;139;124;126;2419;214;151;126;181;289;1889;60;66;132;16;151;R76;Occitanie;A11;Montpellier;2014;2015
2014-15;WjV5I;INSPÉ de l'Académie de Martinique;9720894P;z3hdL;Université des Antilles;Martinique;440;440;468;468;359;81;152;73;128;39;18;14;16;30;235;159;16;336;27;58;3;;16;4;3;;440;;;;;;440;;;;;;R02;Martinique;A31;Martinique;2014;2015
2014-15;X3ml2;INSPÉ de l'Académie de Strasbourg;0673068W;4k25D;Université de Strasbourg;Grand Est>Strasbourg;1704;1704;1708;1708;1263;441;448;455;584;60;60;21;76;61;1222;345;76;732;544;335;17;;76;59;56;;1704;;;;;23;1681;;;;;;R44;Grand Est;A15;Strasbourg;2014;2015
2014-15;cb6n7;INSPÉ Clermont Auvergne;0632024H;n1E6T;Université Blaise-Pascal;Auvergne-Rhône-Alpes>Clermont-Ferrand;873;873;873;873;604;269;227;211;337;37;21;10;30;46;635;162;30;274;332;229;8;;30;24;20;22;672;102;77;22;42;79;541;10;27;65;10;77;R84;Auvergne-Rhône-Alpes;A06;Clermont-Ferrand;2014;2015
2014-15;iyM2P;INSPÉ de l'Académie de Nancy-Metz;0542497W;t6Cq5;Université de Lorraine;Grand Est>Nancy-Metz;1890;1890;1903;1903;1326;564;520;473;657;80;81;24;55;82;1285;468;55;891;637;300;7;;55;32;31;37;1480;205;168;37;141;147;1188;4;50;155;;168;R44;Grand Est;A12;Nancy-Metz;2014;2015
2014-15;mNtOh;INSPÉ Normandie Caen;0142393A;p25Q3;Université de Caen Normandie;Normandie;1159;1159;1159;1159;824;335;339;333;363;39;38;6;41;53;823;242;41;566;404;145;3;;41;29;29;16;888;160;95;16;45;118;725;;23;137;;95;R28;Normandie;A70;Normandie;2014;2015
2015-16;58dQ3;INSPÉ de l’Académie d'Aix-Marseille;0134065Y;xJdyB;Aix-Marseille Université;Provence-Alpes-Côte d'Azur>Aix-Marseille;3054;3054;3061;3061;2103;951;813;701;904;177;143;70;246;187;1709;912;246;1327;576;868;37;;246;193;172;;3023;31;;;;;3023;;11;20;;;R93;Provence-Alpes-Côte d'Azur;A02;Aix-Marseille;2015;2016
2015-16;KK7hH;INSPÉ de l'Académie de Limoges;0875078X;nkbwh;Université de Limoges;Nouvelle-Aquitaine>Limoges;640;640;640;640;440;200;182;147;222;26;20;3;40;22;437;141;40;263;212;124;1;;40;35;35;;640;;;;;;640;;;;;;R75;Nouvelle-Aquitaine;A22;Limoges;2015;2016
2015-16;M8Y6c;INSPÉ de l'Académie de Versailles;0783634B;W6CUQ;Université de Cergy-Pontoise;Île-de-France>Versailles;4857;4857;4869;4869;3572;1285;1160;1259;1447;389;251;74;277;268;2709;1603;277;1326;1414;1790;50;;277;191;175;;4857;;;;;;4857;;;;;;R11;Île-de-France;A25;Versailles;2015;2016
2015-16;Rb9OR;INSPÉ de l'Académie de  Montpellier;0342322P;4TeGd;Languedoc-Roussillon Universités;Occitanie>Montpellier;3178;3178;3179;3179;2304;874;868;804;997;190;132;61;126;165;2024;863;126;1140;545;1314;52;1;126;105;81;22;3156;;;22;132;155;2869;;;;;;R76;Occitanie;A11;Montpellier;2015;2016
2015-16;VUz2Y;INSPÉ de Bourgogne;0212218X;Lr94O;Université de Bourgogne;Bourgogne-Franche-Comté>Dijon;1370;1370;1373;1373;895;475;351;353;481;62;64;24;35;75;922;338;35;478;529;320;7;1;35;28;28;;1370;;;;;;1370;;;;;;R27;Bourgogne-Franche-Comté;A07;Dijon;2015;2016
2015-16;X3ml2;INSPÉ de l'Académie de Strasbourg;0673068W;4k25D;Université de Strasbourg;Grand Est>Strasbourg;1885;1885;1894;1894;1366;519;477;518;647;83;74;18;68;83;1348;386;68;798;610;394;15;;68;54;51;;1885;;;;;21;1864;;;;;;R44;Grand Est;A15;Strasbourg;2015;2016
2016-17;45g5M;ESPE de la Polynésie Française;9840468L;zepT6;Université de la Polynésie Française;Collectivités d'outre-mer>Polynésie Française;421;421;422;422;336;85;116;82;85;92;13;18;15;24;228;154;15;375;;30;1;;15;2;1;;421;;;;;;421;;;;;;R00;Collectivités d'outre-mer;A41;Polynésie Française;2016;2017
2016-17;49xLF;INSPÉ Toulouse Occitanie-Pyrénées;0312877J;HqAYu;Université Toulouse - Jean Jaurès;Occitanie>Toulouse;3093;3093;3215;3215;2174;919;819;670;1081;133;173;67;150;161;2060;722;150;868;754;1271;50;;150;115;85;;3092;1;0;;;;3092;;1;0;;0;R76;Occitanie;A16;Toulouse;2016;2017
2016-17;68SKK;INSPÉ de l'Académie de Bordeaux;0333296D;90I54;Université de Bordeaux;Nouvelle-Aquitaine>Bordeaux;2982;2982;2995;2995;2059;923;794;791;1041;108;100;41;107;179;2078;618;107;1109;733;1008;25;;107;94;87;;2982;;;;;;2982;;;;;;R75;Nouvelle-Aquitaine;A04;Bordeaux;2016;2017
2016-17;DGwMY;INSPÉ Normandie Rouen - Le Havre;0763448K;G4572;Université de Rouen Normandie;Normandie;2036;2036;2042;2042;1465;571;600;570;595;111;62;27;71;105;1330;530;71;1193;398;358;16;;71;55;44;;2036;;;;;22;2014;;;;;;R28;Normandie;A70;Normandie;2016;2017
2016-17;KT6Wc;INSPÉ de l'Académie de Reims;0512146F;57OsX;Université de Reims Champagne-Ardenne;Grand Est>Reims;1272;1272;1308;1308;890;382;313;356;390;75;68;19;51;47;839;335;51;555;421;243;2;;51;29;29;;1272;;;;;;1272;;;;;;R44;Grand Est;A19;Reims;2016;2017
2016-17;QOggm;INSPÉ de l'Académie de Poitiers;0861433R;hlX1r;Université de Poitiers;Nouvelle-Aquitaine>Poitiers;1445;1445;1445;1445;989;456;369;394;494;59;59;14;56;85;964;340;56;519;413;455;2;;56;34;34;25;1243;85;92;25;50;66;1127;;34;51;;92;R75;Nouvelle-Aquitaine;A13;Poitiers;2016;2017
2016-17;QgvQ6;INSPÉ de l'Académie de Créteil;0942353X;vb71K;Université Paris-Est Créteil;Île-de-France>Créteil;4961;4961;5035;5035;3574;1387;1290;1210;1284;412;273;126;366;215;2695;1685;366;785;1835;1914;61;;366;185;170;;4961;;;;;;4961;;;;;;R11;Île-de-France;A24;Créteil;2016;2017
2016-17;VUz2Y;INSPÉ de Bourgogne;0212218X;Lr94O;Université de Bourgogne;Bourgogne-Franche-Comté>Dijon;1466;1466;1468;1468;1005;461;362;385;524;63;74;21;37;87;993;349;37;460;585;375;7;2;37;23;23;;1466;;;;;;1466;;;;;;R27;Bourgogne-Franche-Comté;A07;Dijon;2016;2017
2016-17;Ve8hU;INSPÉ de l’Académie de la Réunion;9741606C;cEt92;Université de La Réunion;La Réunion;1040;1040;1041;1041;776;264;314;230;350;62;35;12;37;56;743;204;37;857;5;135;6;;37;14;11;;1040;;;;;;1040;;;;;;R04;La Réunion;A28;La Réunion;2016;2017
2016-17;WjV5I;INSPÉ de l'Académie de Martinique;9720894P;z3hdL;Université des Antilles;Martinique;556;556;566;566;457;99;176;117;125;59;33;19;27;22;296;211;27;429;47;50;3;;27;12;12;;556;;;;;;556;;;;;;R02;Martinique;A31;Martinique;2016;2017
2016-17;X3ml2;INSPÉ de l'Académie de Strasbourg;0673068W;4k25D;Université de Strasbourg;Grand Est>Strasbourg;1984;1984;1999;1999;1438;546;459;537;691;106;72;33;86;94;1413;391;86;853;651;385;9;;86;64;66;;1984;;;;;25;1959;;;;;;R44;Grand Est;A15;Strasbourg;2016;2017
2016-17;j2I1q;INSPÉ de l'Académie de Corse;7200739R;NLCOF;Université de Corse Pasquale Paoli;Corse;294;294;294;294;215;79;95;67;83;20;11;4;14;15;213;52;14;242;5;32;1;;14;10;10;;294;;;;;;294;;;;;;R94;Corse;A27;Corse;2016;2017
2016-17;y7W8e;INSPÉ de l’Académie d'Amiens;0802142U;8j5s2;Université de Picardie Jules-Verne;Hauts-de-France>Amiens;1815;1815;1815;1815;1285;530;501;427;598;106;94;31;58;103;1166;488;58;788;671;288;10;;58;25;22;40;1420;197;158;40;140;149;1115;16;56;141;;158;R32;Hauts-de-France;A20;Amiens;2016;2017
2017-18;39cGg;INSPÉ de l'Académie de Nantes;0442764R;7hB8r;Université de Nantes;Pays de la Loire>Nantes;3605;3605;3673;3673;2609;996;883;1082;1235;147;129;46;83;194;2606;722;83;1145;1056;1270;50;1;83;64;53;;3605;;;;;;3605;;;;;;R52;Pays de la Loire;A17;Nantes;2017;2018
2017-18;58dQ3;INSPÉ de l’Académie d'Aix-Marseille;0134065Y;xJdyB;Aix-Marseille Université;Provence-Alpes-Côte d'Azur>Aix-Marseille;3068;3068;3071;3071;2162;906;735;675;961;192;149;87;269;174;1854;771;269;1365;549;849;36;;269;206;192;;3068;;;;;;3068;;;;;;R93;Provence-Alpes-Côte d'Azur;A02;Aix-Marseille;2017;2018
2017-18;Fe3rB;INSPÉ de l'académie de Guyane;9730475D;hy4EW;Université de Guyane;Guyane;780;780;781;781;621;159;188;153;109;138;66;70;56;24;307;393;56;499;75;144;6;;56;9;9;;780;;;;;;780;;;;;;R03;Guyane;A33;Guyane;2017;2018
2017-18;WjV5I;INSPÉ de l'Académie de Martinique;9720894P;z3hdL;Université des Antilles;Martinique;574;574;577;577;482;92;195;103;147;51;38;14;26;28;322;198;26;432;40;72;4;;26;17;17;;574;;;;;;574;;;;;;R02;Martinique;A31;Martinique;2017;2018
2017-18;y61Kl;INSPÉ de l'Académie de Lyon;0694198N;etBz7;Université Claude Bernard - Lyon 1;Auvergne-Rhône-Alpes>Lyon;4917;4917;4992;4992;3542;1375;1244;1377;1605;244;189;70;188;317;3235;1177;188;1470;1197;2016;44;2;188;139;124;;4917;;;;;;4917;;;;;;R84;Auvergne-Rhône-Alpes;A10;Lyon;2017;2018
2017-18;y7W8e;INSPÉ de l’Académie d'Amiens;0802142U;8j5s2;Université de Picardie Jules-Verne;Hauts-de-France>Amiens;1915;1915;1915;1915;1363;552;514;452;641;123;91;38;56;85;1270;504;56;793;753;306;7;;56;34;32;63;1494;191;167;63;151;152;1179;12;49;142;;167;R32;Hauts-de-France;A20;Amiens;2017;2018
2018-19;39cGg;INSPÉ de l'Académie de Nantes;0442764R;7hB8r;Université de Nantes;Pays de la Loire>Nantes;3547;3546;3606;3605;2548;999;794;1036;1323;124;139;54;77;196;2682;592;77;1102;1084;1246;37;1;77;60;53;;3547;;;;;;3547;;;;;;R52;Pays de la Loire;A17;Nantes;2018;2019
2018-19;45g5M;ESPE de la Polynésie Française;9840468L;zepT6;Université de la Polynésie Française;Collectivités d'outre-mer>Polynésie Française;243;243;244;244;179;64;67;48;64;42;7;6;9;18;146;70;9;212;;21;;1;9;2;2;;243;;;;;;243;;;;;;R00;Collectivités d'outre-mer;A41;Polynésie Française;2018;2019
2018-19;49xLF;INSPÉ Toulouse Occitanie-Pyrénées;0312877J;HqAYu;Université Toulouse - Jean Jaurès;Occitanie>Toulouse;2995;2995;3042;3042;2179;816;710;700;1121;97;183;67;117;151;2129;598;117;915;715;1216;32;;117;95;79;;2995;;;;;;2995;;;;;;R76;Occitanie;A16;Toulouse;2018;2019
2018-19;Fe3rB;INSPÉ de l'académie de Guyane;9730475D;hy4EW;Université de Guyane;Guyane;733;733;734;734;583;150;170;135;94;119;65;82;68;26;276;363;68;479;64;115;7;;68;13;13;;733;;;;;;733;;;;;;R03;Guyane;A33;Guyane;2018;2019
2018-19;Rb9OR;INSPÉ de l'Académie de  Montpellier;0342322P;4TeGd;Languedoc-Roussillon Universités;Occitanie>Montpellier;2873;2873;2878;2878;2106;767;678;688;971;157;154;56;169;160;1880;664;169;1025;529;1125;25;;169;136;123;;2873;;;;;;2873;;;;;;R76;Occitanie;A11;Montpellier;2018;2019
2018-19;y7W8e;INSPÉ de l’Académie d'Amiens;0802142U;8j5s2;Université de Picardie Jules-Verne;Hauts-de-France>Amiens;1868;1868;1869;1869;1350;518;456;442;659;100;120;40;51;96;1311;410;51;812;703;291;11;;51;39;37;;1868;;;;;;1868;;;;;;R32;Hauts-de-France;A20;Amiens;2018;2019
2019-20;76xsv;INSPÉ Centre Val-de-Loire;0451724E;HCBvW;Université d'Orléans;Centre-Val de Loire>Orléans-Tours;2037;2037;2040;2040;1479;558;469;514;771;73;109;34;67;114;1483;373;67;705;501;757;7;;67;36;35;;2037;;;;;;2037;;;;;;R24;Centre-Val de Loire;A18;Orléans-Tours;2019;2020
2019-20;Fe3rB;INSPÉ de l'académie de Guyane;9730475D;hy4EW;Université de Guyane;Guyane;675;675;678;678;529;146;162;118;84;96;60;90;65;30;262;318;65;441;54;107;8;;65;14;12;;675;;;;;;675;;;;;;R03;Guyane;A33;Guyane;2019;2020
2019-20;KT6Wc;INSPÉ de l'Académie de Reims;0512146F;57OsX;Université de Reims Champagne-Ardenne;Grand Est>Reims;1136;1136;1151;1151;828;308;245;277;429;57;78;12;38;52;809;237;38;511;381;200;6;;38;32;28;;1136;;;;;;1136;;;;;;R44;Grand Est;A19;Reims;2019;2020
2019-20;QOggm;INSPÉ de l'Académie de Poitiers;0861433R;hlX1r;Université de Poitiers;Nouvelle-Aquitaine>Poitiers;1398;1398;1398;1398;997;401;319;406;535;25;52;14;47;78;1049;224;47;527;382;435;6;1;47;28;26;;1398;;;;;;1398;;;;;;R75;Nouvelle-Aquitaine;A13;Poitiers;2019;2020
2019-20;QgvQ6;INSPÉ de l'Académie de Créteil;0942353X;vb71K;Université Paris-Est Créteil;Île-de-France>Créteil;4424;4424;4427;4427;3159;1265;997;1073;1232;360;228;126;408;149;2608;1259;408;730;1826;1457;3;;408;163;161;;4424;;;;;;4424;;;;;;R11;Île-de-France;A24;Créteil;2019;2020
2019-20;RIRbW;INSPÉ Bretagne;0352863X;06SE7;Université de Bretagne Occidentale;Bretagne>Rennes;2637;2637;2660;2660;1722;915;648;701;977;75;105;25;106;105;1950;476;106;1050;704;759;17;1;106;92;81;;2637;;;;;;2637;;;;;;R53;Bretagne;A14;Rennes;2019;2020
2019-20;WjV5I;INSPÉ de l'Académie de Martinique;9720894P;z3hdL;Université des Antilles;Martinique;493;493;495;495;403;90;156;79;144;43;29;21;21;29;282;161;21;369;39;61;3;;21;6;5;;493;;;;;;493;;;;;;R02;Martinique;A31;Martinique;2019;2020
2020-21;ASiVr;ESPE de la Nouvelle-Calédonie;9830690H;Z2FY5;Université de la Nouvelle-Calédonie;Collectivités d'outre-mer>Nouvelle-Calédonie;169;169;169;169;124;45;41;36;66;12;9;;5;53;76;35;5;127;;33;;4;5;1;2;;169;;;;;;169;;;;;;R00;Collectivités d'outre-mer;A40;Nouvelle-Calédonie;2020;2021
2020-21;KK7hH;INSPÉ de l'Académie de Limoges;0875078X;nkbwh;Université de Limoges;Nouvelle-Aquitaine>Limoges;531;531;531;531;367;164;136;112;239;8;20;5;11;36;394;90;11;201;204;114;1;;11;6;6;;531;;;;;;531;;;;;;R75;Nouvelle-Aquitaine;A22;Limoges;2020;2021
2013-14;39cGg;INSPÉ de l'Académie de Nantes;0442764R;7hB8r;Université de Nantes;Pays de la Loire>Nantes;1275;1275;1275;1275;916;359;376;371;381;54;46;13;34;62;885;294;34;442;373;417;9;;34;22;19;29;1028;140;78;29;67;112;841;8;27;82;31;78;R52;Pays de la Loire;A17;Nantes;2013;2014
2013-14;Fe3rB;INSPÉ de l'académie de Guyane;9730475D;XDl91;Université des Antilles et de la Guyane;Guyane;212;212;221;221;177;35;52;48;16;31;18;24;23;6;59;124;23;154;13;22;;;23;1;1;;212;;;;;;212;;;;;;R03;Guyane;A33;Guyane;2013;2014
2013-14;KT6Wc;INSPÉ de l'Académie de Reims;0512146F;57OsX;Université de Reims Champagne-Ardenne;Grand Est>Reims;460;460;460;460;310;150;121;124;150;26;17;6;16;25;304;115;16;215;181;45;3;;16;15;12;;366;38;56;;12;41;312;1;13;25;;56;R44;Grand Est;A19;Reims;2013;2014
2013-14;QgvQ6;INSPÉ de l'Académie de Créteil;0942353X;vb71K;Université Paris-Est Créteil;Île-de-France>Créteil;1208;1208;1210;1210;900;308;320;326;260;106;66;25;105;40;678;385;105;288;516;288;11;;105;75;68;64;1005;89;50;64;74;86;825;20;24;53;12;50;R11;Île-de-France;A24;Créteil;2013;2014
2013-14;Ve8hU;INSPÉ de l’Académie de la Réunion;9741606C;cEt92;Université de La Réunion;La Réunion;425;425;425;425;313;112;148;102;121;28;8;6;12;22;304;87;12;378;3;31;1;;12;3;3;;370;25;30;;20;62;288;;;;25;30;R04;La Réunion;A28;La Réunion;2013;2014
2013-14;mNtOh;INSPÉ Normandie Caen;0142393A;p25Q3;Université de Caen Normandie;Normandie;534;534;534;534;373;161;151;154;162;20;23;4;20;20;360;134;20;277;194;42;1;;20;15;15;13;415;51;55;13;20;59;336;;12;39;;55;R28;Normandie;A70;Normandie;2013;2014
2013-14;qVqhv;INSPÉ de l'Académie de Grenoble;0383473U;Mrr0h;Université Joseph-Fourier;Auvergne-Rhône-Alpes>Grenoble;973;973;975;975;685;288;232;301;348;37;26;5;24;55;644;250;24;399;317;230;3;;24;18;16;11;800;82;80;11;41;99;655;5;30;52;;80;R84;Auvergne-Rhône-Alpes;A08;Grenoble;2013;2014
2013-14;y7W8e;INSPÉ de l’Académie d'Amiens;0802142U;8j5s2;Université de Picardie Jules-Verne;Hauts-de-France>Amiens;494;494;495;495;354;140;147;123;163;31;13;3;14;22;311;147;14;195;246;37;2;;14;14;12;;393;52;49;;42;33;318;;22;30;;49;R32;Hauts-de-France;A20;Amiens;2013;2014
2014-15;45g5M;ESPE de la Polynésie Française;9840468L;zepT6;Université de la Polynésie Française;Collectivités d'outre-mer>Polynésie Française;231;231;231;231;151;80;73;33;70;24;14;8;9;20;118;84;9;185;;36;;1;9;;1;;231;;;;;;231;;;;;;R00;Collectivités d'outre-mer;A41;Polynésie Française;2014;2015
2014-15;Fe3rB;INSPÉ de l'académie de Guyane;9730475D;hy4EW;Université de Guyane;Guyane;458;458;459;459;360;98;134;98;50;76;31;36;33;13;152;260;33;303;55;64;3;;33;3;1;;458;;;;;;458;;;;;;R03;Guyane;A33;Guyane;2014;2015
2014-15;M8Y6c;INSPÉ de l'Académie de Versailles;0783634B;W6CUQ;Université de Cergy-Pontoise;Île-de-France>Versailles;4217;4217;4229;4229;3156;1061;1061;1095;1235;320;202;68;236;207;2427;1347;236;1202;1154;1582;41;2;236;179;160;18;4199;;;18;;35;4164;;;;;;R11;Île-de-France;A25;Versailles;2014;2015
2014-15;VUz2Y;INSPÉ de Bourgogne;0212218X;Lr94O;Université de Bourgogne;Bourgogne-Franche-Comté>Dijon;1051;1051;1051;1051;706;345;293;257;372;46;43;7;33;61;700;257;33;376;381;249;12;;33;31;31;;1051;;;;;;1051;;;;;;R27;Bourgogne-Franche-Comté;A07;Dijon;2014;2015
2015-16;RIRbW;INSPÉ Bretagne;0352863X;XIGGw;Université Bretagne Loire;Bretagne>Rennes;3212;3212;3237;3237;2139;1073;896;786;1148;137;111;33;101;174;2131;806;101;1153;824;1108;25;1;101;77;67;34;2731;262;185;34;205;170;2356;;91;171;;185;R53;Bretagne;A14;Rennes;2015;2016
2015-16;WjV5I;INSPÉ de l'Académie de Martinique;9720894P;z3hdL;Université des Antilles;Martinique;461;461;462;462;350;111;151;83;135;40;25;13;14;17;243;187;14;374;32;37;4;;14;11;10;;461;;;;;;461;;;;;;R02;Martinique;A31;Martinique;2015;2016
2015-16;cb6n7;INSPÉ Clermont Auvergne;0632024H;n1E6T;Université Blaise-Pascal;Auvergne-Rhône-Alpes>Clermont-Ferrand;1092;1092;1099;1099;811;281;311;246;402;37;46;16;34;57;776;225;34;350;396;305;7;;34;25;21;17;912;107;56;17;27;56;817;12;30;63;14;56;R84;Auvergne-Rhône-Alpes;A06;Clermont-Ferrand;2015;2016
2015-16;qVqhv;INSPÉ de l'Académie de Grenoble;0383473U;F2yh2;Université Grenoble Alpes;Auvergne-Rhône-Alpes>Grenoble;2450;2450;2477;2477;1766;684;504;631;904;96;65;16;234;144;1588;484;234;670;711;823;12;;234;53;47;39;2114;130;167;39;29;22;2057;6;26;104;;167;R84;Auvergne-Rhône-Alpes;A08;Grenoble;2015;2016
2016-17;ASiVr;ESPE de la Nouvelle-Calédonie;9830690H;Z2FY5;Université de la Nouvelle-Calédonie;Collectivités d'outre-mer>Nouvelle-Calédonie;424;424;424;424;311;113;93;94;128;56;18;10;25;109;158;132;25;316;;78;5;;25;3;1;;424;;;;;;424;;;;;;R00;Collectivités d'outre-mer;A40;Nouvelle-Calédonie;2016;2017
2016-17;KK7hH;INSPÉ de l'Académie de Limoges;0875078X;nkbwh;Université de Limoges;Nouvelle-Aquitaine>Limoges;611;611;612;612;408;203;159;137;244;17;22;5;27;24;426;134;27;259;211;109;5;;27;26;23;;611;;;;;;611;;;;;;R75;Nouvelle-Aquitaine;A22;Limoges;2016;2017
2017-18;45g5M;ESPE de la Polynésie Française;9840468L;zepT6;Université de la Polynésie Française;Collectivités d'outre-mer>Polynésie Française;331;331;332;332;257;74;100;67;83;53;13;10;5;20;202;104;5;294;;29;2;1;5;2;1;;331;;;;;;331;;;;;;R00;Collectivités d'outre-mer;A41;Polynésie Française;2017;2018
2017-18;QgvQ6;INSPÉ de l'Académie de Créteil;0942353X;vb71K;Université Paris-Est Créteil;Île-de-France>Créteil;5164;5164;5176;5176;3758;1406;1247;1239;1367;451;297;129;434;210;2799;1721;434;716;2007;1956;50;1;434;177;164;;5164;;;;;;5164;;;;;;R11;Île-de-France;A24;Créteil;2017;2018
2017-18;RIRbW;INSPÉ Bretagne;0352863X;06SE7;Université de Bretagne Occidentale;Bretagne>Rennes;2995;2995;3178;3178;2003;992;766;785;1052;120;135;34;103;141;2081;670;103;1183;820;873;16;;103;67;63;;2995;;;;;;2995;;;;;;R53;Bretagne;A14;Rennes;2017;2018
2017-18;VUz2Y;INSPÉ de Bourgogne;0212218X;Lr94O;Université de Bourgogne;Bourgogne-Franche-Comté>Dijon;1407;1407;1409;1409;947;460;347;383;544;41;58;17;17;80;1002;308;17;495;583;299;12;1;17;17;12;;1407;;;;;;1407;;;;;;R27;Bourgogne-Franche-Comté;A07;Dijon;2017;2018
2017-18;iyM2P;INSPÉ de l'Académie de Nancy-Metz;0542497W;t6Cq5;Université de Lorraine;Grand Est>Nancy-Metz;2279;2279;2304;2304;1613;666;519;614;776;104;123;48;95;81;1609;494;95;1067;691;418;8;;95;58;56;62;1747;284;186;62;142;175;1428;2;71;213;;186;R44;Grand Est;A12;Nancy-Metz;2017;2018
2018-19;58dQ3;INSPÉ de l’Académie d'Aix-Marseille;0134065Y;xJdyB;Aix-Marseille Université;Provence-Alpes-Côte d'Azur>Aix-Marseille;2981;2981;2982;2982;2124;857;715;666;924;184;149;80;263;166;1835;717;263;1320;574;785;39;;263;207;187;;2981;;;;;;2981;;;;;;R93;Provence-Alpes-Côte d'Azur;A02;Aix-Marseille;2018;2019
2018-19;ASiVr;ESPE de la Nouvelle-Calédonie;9830690H;Z2FY5;Université de la Nouvelle-Calédonie;Collectivités d'outre-mer>Nouvelle-Calédonie;116;116;116;116;74;42;30;21;44;8;5;1;7;31;50;28;7;84;;21;4;;7;3;;;116;;;;;;116;;;;;;R00;Collectivités d'outre-mer;A40;Nouvelle-Calédonie;2018;2019
2018-19;DGwMY;INSPÉ Normandie Rouen - Le Havre;0763448K;G4572;Université de Rouen Normandie;Normandie;1849;1849;1855;1855;1334;515;514;498;612;90;66;23;46;98;1314;391;46;1105;399;292;7;;46;30;27;;1849;;;;;;1849;;;;;;R28;Normandie;A70;Normandie;2018;2019
2018-19;KK7hH;INSPÉ de l'Académie de Limoges;0875078X;nkbwh;Université de Limoges;Nouvelle-Aquitaine>Limoges;602;602;603;603;424;178;160;127;250;12;24;9;20;34;442;106;20;247;214;119;2;;20;16;15;;602;;;;;;602;;;;;;R75;Nouvelle-Aquitaine;A22;Limoges;2018;2019
2018-19;M8Y6c;INSPÉ de l'Académie de Versailles;0783634B;W6CUQ;Université de Cergy-Pontoise;Île-de-France>Versailles;5242;5242;5341;5341;3918;1324;1178;1392;1581;414;262;109;306;238;3181;1517;306;1483;1507;1878;66;2;306;197;180;;5242;;;;;;5242;;;;;;R11;Île-de-France;A25;Versailles;2018;2019
2018-19;Ve8hU;INSPÉ de l’Académie de la Réunion;9741606C;cEt92;Université de La Réunion;La Réunion;1325;1325;1325;1325;973;352;379;291;412;123;51;18;51;62;869;343;51;889;172;199;14;;51;19;15;;1325;;;;;;1325;;;;;;R04;La Réunion;A28;La Réunion;2018;2019
2018-19;WjV5I;INSPÉ de l'Académie de Martinique;9720894P;z3hdL;Université des Antilles;Martinique;556;556;559;559;453;103;189;79;150;56;30;26;26;37;300;193;26;419;33;72;6;;26;11;9;;556;;;;;;556;;;;;;R02;Martinique;A31;Martinique;2018;2019
2018-19;mNtOh;INSPÉ Normandie Caen;0142393A;p25Q3;Université de Caen Normandie;Normandie;1263;1263;1265;1265;898;365;303;358;455;38;64;16;29;69;948;217;29;593;460;176;5;;29;25;22;;1263;;;;;;1263;;;;;;R28;Normandie;A70;Normandie;2018;2019
2019-20;58dQ3;INSPÉ de l’Académie d'Aix-Marseille;0134065Y;xJdyB;Aix-Marseille Université;Provence-Alpes-Côte d'Azur>Aix-Marseille;2649;2649;2671;2671;1827;822;573;606;910;143;141;59;217;143;1691;598;217;1139;538;715;40;;217;184;155;;2649;;;;;;2649;;;;;;R93;Provence-Alpes-Côte d'Azur;A02;Aix-Marseille;2019;2020
2019-20;68SKK;INSPÉ de l'Académie de Bordeaux;0333296D;90I54;Université de Bordeaux;Nouvelle-Aquitaine>Bordeaux;2369;2369;2370;2370;1659;710;567;555;952;74;95;29;97;181;1718;373;97;941;526;792;13;;97;86;81;;2369;;;;;;2369;;;;;;R75;Nouvelle-Aquitaine;A04;Bordeaux;2019;2020
2019-20;EqtZx;INSPÉ de l’Académie de Lille;0596983V;Szqy5;Université de Lille;Hauts-de-France>Lille;5461;5461;5506;5506;3807;1654;1307;1346;2148;189;271;67;133;321;4117;890;133;3357;1327;576;68;;133;132;92;;5461;;;;;;5461;;;;;;R32;Hauts-de-France;A09;Lille;2019;2020
2019-20;VUz2Y;INSPÉ de Bourgogne;0212218X;Lr94O;Université de Bourgogne;Bourgogne-Franche-Comté>Dijon;1282;1282;1290;1290;844;438;278;307;545;50;54;18;30;53;983;216;30;440;516;289;7;;30;22;20;;1282;;;;;;1282;;;;;;R27;Bourgogne-Franche-Comté;A07;Dijon;2019;2020
2019-20;iyM2P;INSPÉ de l'Académie de Nancy-Metz;0542497W;t6Cq5;Université de Lorraine;Grand Est>Nancy-Metz;2132;2132;2157;2157;1534;598;483;502;823;81;115;50;78;102;1555;397;78;1029;626;392;7;;78;48;45;;2132;;;;;;2132;;;;;;R44;Grand Est;A12;Nancy-Metz;2019;2020
2019-20;qCGMW;INSPÉ de l'académie de Guadeloupe;9711244A;z3hdL;Université des Antilles;Guadeloupe;459;459;459;459;344;115;102;74;192;26;29;14;22;45;290;102;22;341;43;53;;;22;4;4;;459;;;;;;459;;;;;;R01;Guadeloupe;A32;Guadeloupe;2019;2020
2020-21;49xLF;INSPÉ Toulouse Occitanie-Pyrénées;0312877J;HqAYu;Université Toulouse - Jean Jaurès;Occitanie>Toulouse;2928;2928;2966;2966;2108;820;653;663;1139;102;183;58;130;156;2159;483;130;846;709;1198;45;;130;103;85;;2928;;;;;;2928;;;;;;R76;Occitanie;A16;Toulouse;2020;2021
2020-21;58dQ3;INSPÉ de l’Académie d'Aix-Marseille;0134065Y;xJdyB;Aix-Marseille Université;Provence-Alpes-Côte d'Azur>Aix-Marseille;2648;2648;2669;2669;1831;817;599;571;883;114;119;75;287;118;1680;563;287;1100;541;671;49;;287;247;216;;2648;;;;;;2648;;;;;;R93;Provence-Alpes-Côte d'Azur;A02;Aix-Marseille;2020;2021
2020-21;EqtZx;INSPÉ de l’Académie de Lille;0596983V;Szqy5;Université de Lille;Hauts-de-France>Lille;5212;5212;5853;5853;3679;1533;1240;1298;2084;151;280;60;99;319;3978;816;99;3318;1248;500;47;;99;91;70;;5212;;;;;;5212;;;;;;R32;Hauts-de-France;A09;Lille;2020;2021
2020-21;RIRbW;INSPÉ Bretagne;0352863X;06SE7;Université de Bretagne Occidentale;Bretagne>Rennes;2498;2498;2507;2507;1668;830;603;647;972;67;92;23;94;115;1905;384;94;1029;676;679;19;1;94;78;68;;2498;;;;;;2498;;;;;;R53;Bretagne;A14;Rennes;2020;2021
2020-21;Rb9OR;INSPÉ de l'Académie de  Montpellier;0342322P;7yd5d;Université de Montpellier;Occitanie>Montpellier;2437;2437;2438;2438;1752;685;539;577;938;101;115;55;112;141;1726;458;112;881;449;968;27;;112;88;80;;2437;;;;;;2437;;;;;;R76;Occitanie;A11;Montpellier;2020;2021
2020-21;Ve8hU;INSPÉ de l’Académie de la Réunion;9741606C;cEt92;Université de La Réunion;La Réunion;1395;1395;1398;1398;1017;378;337;309;457;134;68;43;47;85;886;377;47;930;209;199;10;;47;10;9;;1395;;;;;;1395;;;;;;R04;La Réunion;A28;La Réunion;2020;2021
2020-21;qVqhv;INSPÉ de l'Académie de Grenoble;0383473U;Y7ch7;Université Grenoble Alpes;Auvergne-Rhône-Alpes>Grenoble;1970;1970;2081;2081;1412;558;373;493;942;37;58;16;51;125;1509;285;51;678;644;592;5;;51;26;25;;1970;;;;;;1970;;;;;;R84;Auvergne-Rhône-Alpes;A08;Grenoble;2020;2021
2013-14;39jG7;INSPÉ de l'Académie de Besançon;0251983V;7Mpgt;Université de Franche-Comté;Bourgogne-Franche-Comté>Besançon;533;533;535;535;361;172;141;148;161;38;16;8;21;19;357;136;21;243;195;69;5;;21;20;19;5;426;46;56;5;9;47;368;2;8;38;;56;R27;Bourgogne-Franche-Comté;A03;Besançon;2013;2014
2013-14;49xLF;INSPÉ Toulouse Occitanie-Pyrénées;0312877J;HqAYu;Université Toulouse - Jean Jaurès;Occitanie>Toulouse;1410;1410;1410;1410;1014;396;425;360;446;49;64;14;52;69;932;357;52;378;368;597;15;;52;40;36;57;1103;154;96;57;132;165;793;13;51;103;;96;R76;Occitanie;A16;Toulouse;2013;2014
2013-14;68SKK;INSPÉ de l'Académie de Bordeaux;0333296D;90I54;Université de Bordeaux;Nouvelle-Aquitaine>Bordeaux;1750;1750;1750;1750;1271;479;569;505;485;61;47;19;64;74;1183;429;64;733;409;530;14;;64;54;51;32;1488;117;113;32;126;188;1174;;39;78;;113;R75;Nouvelle-Aquitaine;A04;Bordeaux;2013;2014
2013-14;76xsv;INSPÉ Centre Val-de-Loire;0451724E;HCBvW;Université d'Orléans;Centre-Val de Loire>Orléans-Tours;626;626;626;626;458;168;164;169;209;28;18;8;30;111;347;138;30;292;139;161;4;;30;17;16;5;534;52;35;5;38;68;428;;7;45;;35;R24;Centre-Val de Loire;A18;Orléans-Tours;2013;2014
2013-14;DGwMY;INSPÉ Normandie Rouen - Le Havre;0763448K;G4572;Université de Rouen Normandie;Normandie;727;727;727;727;552;175;230;225;174;43;29;2;24;31;481;191;24;477;118;100;5;3;24;23;22;;621;46;60;;22;78;521;;9;37;;60;R28;Normandie;A70;Normandie;2013;2014
2013-14;VUz2Y;INSPÉ de Bourgogne;0212218X;Lr94O;Université de Bourgogne;Bourgogne-Franche-Comté>Dijon;556;556;556;556;373;183;150;148;192;30;14;4;18;15;382;141;18;227;216;94;1;;18;16;16;17;411;47;81;17;38;62;311;;25;22;;81;R27;Bourgogne-Franche-Comté;A07;Dijon;2013;2014
2013-14;qCGMW;INSPÉ de l'académie de Guadeloupe;9711244A;XDl91;Université des Antilles et de la Guyane;Guadeloupe;177;177;179;179;139;38;55;30;55;22;9;3;3;8;100;66;3;145;19;8;2;;3;4;4;;177;;;;;;177;;;;;;R01;Guadeloupe;A32;Guadeloupe;2013;2014
2014-15;49xLF;INSPÉ Toulouse Occitanie-Pyrénées;0312877J;HqAYu;Université Toulouse - Jean Jaurès;Occitanie>Toulouse;2910;2910;2911;2911;2066;844;816;676;1006;88;160;27;137;140;1918;715;137;821;724;1203;25;;137;95;86;153;2219;343;195;153;261;247;1682;29;104;239;;195;R76;Occitanie;A16;Toulouse;2014;2015
2014-15;58dQ3;INSPÉ de l’Académie d'Aix-Marseille;0134065Y;xJdyB;Aix-Marseille Université;Provence-Alpes-Côte d'Azur>Aix-Marseille;2903;2903;2904;2904;1975;928;843;638;848;155;126;65;228;168;1618;889;228;1285;491;850;48;1;228;206;176;;2903;;;;;;2903;;;;;;R93;Provence-Alpes-Côte d'Azur;A02;Aix-Marseille;2014;2015
2014-15;68SKK;INSPÉ de l'Académie de Bordeaux;0333296D;90I54;Université de Bordeaux;Nouvelle-Aquitaine>Bordeaux;2348;2348;2348;2348;1684;664;680;593;802;84;77;21;91;171;1565;521;91;863;498;867;29;;91;83;71;;2239;35;74;;186;219;1834;;;35;;74;R75;Nouvelle-Aquitaine;A04;Bordeaux;2014;2015
2014-15;Ve8hU;INSPÉ de l’Académie de la Réunion;9741606C;cEt92;Université de La Réunion;La Réunion;973;973;973;973;721;252;331;239;280;53;26;11;33;49;712;179;33;828;3;105;4;;33;12;11;;867;52;54;;45;121;686;15;;;52;54;R04;La Réunion;A28;La Réunion;2014;2015
2014-15;qVqhv;INSPÉ de l'Académie de Grenoble;0383473U;Mrr0h;Université Joseph-Fourier;Auvergne-Rhône-Alpes>Grenoble;2014;2014;2014;2014;1454;560;435;576;796;64;51;7;85;143;1377;409;85;703;579;638;9;;85;53;50;49;1673;156;136;49;36;23;1594;20;35;121;;136;R84;Auvergne-Rhône-Alpes;A08;Grenoble;2014;2015
2014-15;y7W8e;INSPÉ de l’Académie d'Amiens;0802142U;8j5s2;Université de Picardie Jules-Verne;Hauts-de-France>Amiens;1458;1458;1458;1458;1055;403;408;362;478;79;59;20;52;86;924;396;52;459;737;203;7;;52;34;33;;1278;180;;;106;101;1053;18;45;135;;;R32;Hauts-de-France;A20;Amiens;2014;2015
2015-16;39cGg;INSPÉ de l'Académie de Nantes;0442764R;7hB8r;Université de Nantes;Pays de la Loire>Nantes;3659;3659;3687;3687;2668;991;924;1122;1231;152;129;29;72;201;2600;786;72;1213;1007;1328;39;;72;42;36;51;3208;234;166;51;88;156;2931;33;29;125;80;166;R52;Pays de la Loire;A17;Nantes;2015;2016
2015-16;ASiVr;ESPE de la Nouvelle-Calédonie;9830690H;Z2FY5;Université de la Nouvelle-Calédonie;Collectivités d'outre-mer>Nouvelle-Calédonie;184;184;184;184;131;53;46;44;79;7;1;2;5;137;33;9;5;138;;41;;;5;1;1;;184;;;;;;184;;;;;;R00;Collectivités d'outre-mer;A40;Nouvelle-Calédonie;2015;2016
2015-16;QOggm;INSPÉ de l'Académie de Poitiers;0861433R;hlX1r;Université de Poitiers;Nouvelle-Aquitaine>Poitiers;1456;1456;1459;1459;1031;425;409;377;490;52;52;18;58;80;990;328;58;510;391;494;3;;58;43;42;21;1271;60;104;21;45;69;1157;;22;38;;104;R75;Nouvelle-Aquitaine;A13;Poitiers;2015;2016
2015-16;QgvQ6;INSPÉ de l'Académie de Créteil;0942353X;vb71K;Université Paris-Est Créteil;Île-de-France>Créteil;4798;4798;4946;4946;3532;1266;1331;1177;1226;412;247;101;304;271;2595;1628;304;728;1742;1960;64;;304;167;149;;4796;2;;;;;4795;1;2;;;;R11;Île-de-France;A24;Créteil;2015;2016
2015-16;Ve8hU;INSPÉ de l’Académie de la Réunion;9741606C;cEt92;Université de La Réunion;La Réunion;1036;1036;1036;1036;769;267;312;232;345;65;32;16;34;58;752;192;34;871;6;119;6;;34;13;11;;1036;;;;;;1036;;;;;;R04;La Réunion;A28;La Réunion;2015;2016
2015-16;j2I1q;INSPÉ de l'Académie de Corse;7200739R;NLCOF;Université de Corse Pasquale Paoli;Corse;289;289;291;291;226;63;101;74;62;22;14;9;7;21;199;62;7;233;12;35;2;;7;6;6;;289;;;;;;289;;;;;;R94;Corse;A27;Corse;2015;2016
2015-16;mNtOh;INSPÉ Normandie Caen;0142393A;p25Q3;Université de Caen Normandie;Normandie;1069;1068;1071;1070;751;318;281;311;365;40;29;9;34;56;745;234;34;504;393;136;2;;34;26;26;17;774;158;120;17;42;89;643;;28;130;;120;R28;Normandie;A70;Normandie;2015;2016
2015-16;y61Kl;INSPÉ de l'Académie de Lyon;0694198N;etBz7;Université Claude Bernard - Lyon 1;Auvergne-Rhône-Alpes>Lyon;4713;4713;4790;4790;3422;1291;1228;1315;1448;236;176;50;260;280;2969;1204;260;1362;1098;1945;48;;260;158;141;58;4496;43;116;58;245;367;3884;;16;27;;116;R84;Auvergne-Rhône-Alpes;A10;Lyon;2015;2016
2016-17;39cGg;INSPÉ de l'Académie de Nantes;0442764R;7hB8r;Université de Nantes;Pays de la Loire>Nantes;3637;3637;3661;3661;2617;1020;913;1084;1238;148;138;30;86;197;2601;753;86;1185;989;1342;35;;86;63;56;50;3150;257;180;50;93;152;2876;29;39;146;72;180;R52;Pays de la Loire;A17;Nantes;2016;2017
2016-17;M8Y6c;INSPÉ de l'Académie de Versailles;0783634B;W6CUQ;Université de Cergy-Pontoise;Île-de-France>Versailles;4853;4853;4860;4860;3616;1237;1121;1291;1420;423;253;79;266;237;2750;1600;266;1408;1412;1699;66;2;266;188;159;;4853;;;;;;4853;;;;;;R11;Île-de-France;A25;Versailles;2016;2017
2016-17;lZH01;INSPÉ de l'Académie de Paris;0755736C;kvciR;Université Paris-Sorbonne;Île-de-France>Paris;3058;3058;3061;3061;2204;854;1086;697;891;88;70;21;205;211;1939;703;205;512;1060;1195;86;;205;187;162;;2719;250;89;;37;117;2565;;103;147;;89;R11;Île-de-France;A01;Paris;2016;2017
2016-17;mNtOh;INSPÉ Normandie Caen;0142393A;p25Q3;Université de Caen Normandie;Normandie;1328;1328;1330;1330;917;411;335;350;467;61;57;12;46;71;907;304;46;588;457;229;8;;46;37;36;;1328;;;;;;1328;;;;;;R28;Normandie;A70;Normandie;2016;2017
2017-18;KK7hH;INSPÉ de l'Académie de Limoges;0875078X;nkbwh;Université de Limoges;Nouvelle-Aquitaine>Limoges;592;592;593;593;382;210;145;140;241;12;21;9;24;29;428;111;24;244;210;112;2;;24;20;19;;592;;;;;;592;;;;;;R75;Nouvelle-Aquitaine;A22;Limoges;2017;2018
2017-18;M8Y6c;INSPÉ de l'Académie de Versailles;0783634B;W6CUQ;Université de Cergy-Pontoise;Île-de-France>Versailles;4974;4974;5003;5003;3738;1236;1129;1283;1460;434;247;125;296;218;2876;1584;296;1482;1490;1648;58;;296;181;161;;4974;;;;;;4974;;;;;;R11;Île-de-France;A25;Versailles;2017;2018
2017-18;Rb9OR;INSPÉ de l'Académie de  Montpellier;0342322P;4TeGd;Languedoc-Roussillon Universités;Occitanie>Montpellier;3348;3348;3358;3358;2487;861;821;820;1095;206;167;56;183;166;2151;848;183;1184;627;1317;37;;183;132;113;;3348;;;;;;3348;;;;;;R76;Occitanie;A11;Montpellier;2017;2018
2017-18;Ve8hU;INSPÉ de l’Académie de la Réunion;9741606C;cEt92;Université de La Réunion;La Réunion;1102;1102;1102;1102;825;277;321;237;352;92;43;15;42;53;765;242;42;842;74;138;6;;42;7;4;;1102;;;;;;1102;;;;;;R04;La Réunion;A28;La Réunion;2017;2018
2017-18;cb6n7;INSPÉ Clermont Auvergne;0632024H;FvH4k;Université Clermont Auvergne;Auvergne-Rhône-Alpes>Clermont-Ferrand;1090;1090;1090;1090;749;341;262;239;434;35;69;18;33;56;790;211;33;369;385;299;4;;33;22;20;;1090;;;;;;1090;;;;;;R84;Auvergne-Rhône-Alpes;A06;Clermont-Ferrand;2017;2018
2018-19;39jG7;INSPÉ de l'Académie de Besançon;0251983V;7Mpgt;Université de Franche-Comté;Bourgogne-Franche-Comté>Besançon;1066;1066;1066;1066;747;319;218;301;421;43;35;14;34;62;777;193;34;455;358;213;6;;34;28;26;;1066;;;;;;1066;;;;;;R27;Bourgogne-Franche-Comté;A03;Besançon;2018;2019
2018-19;76xsv;INSPÉ Centre Val-de-Loire;0451724E;HCBvW;Université d'Orléans;Centre-Val de Loire>Orléans-Tours;2215;2215;2218;2218;1586;629;556;534;814;90;108;35;78;134;1576;427;78;733;531;863;10;;78;44;39;;2215;;;;;;2215;;;;;;R24;Centre-Val de Loire;A18;Orléans-Tours;2018;2019
2018-19;VUz2Y;INSPÉ de Bourgogne;0212218X;Lr94O;Université de Bourgogne;Bourgogne-Franche-Comté>Dijon;1419;1419;1429;1429;943;476;300;374;578;51;52;30;34;61;1032;292;34;499;572;304;10;;34;22;18;;1419;;;;;;1419;;;;;;R27;Bourgogne-Franche-Comté;A07;Dijon;2018;2019
2018-19;X3ml2;INSPÉ de l'Académie de Strasbourg;0673068W;4k25D;Université de Strasbourg;Grand Est>Strasbourg;1814;1814;1822;1822;1347;467;407;473;687;69;62;24;92;71;1322;329;92;790;601;323;8;;92;69;69;;1814;;;;;;1814;;;;;;R44;Grand Est;A15;Strasbourg;2018;2019
2018-19;y61Kl;INSPÉ de l'Académie de Lyon;0694198N;etBz7;Université Claude Bernard - Lyon 1;Auvergne-Rhône-Alpes>Lyon;4711;4711;4765;4765;3446;1265;1094;1267;1699;217;199;61;174;363;3197;977;174;1478;1160;1849;47;3;174;120;109;;4711;;;;;;4711;;;;;;R84;Auvergne-Rhône-Alpes;A10;Lyon;2018;2019
2019-20;39jG7;INSPÉ de l'Académie de Besançon;0251983V;7Mpgt;Université de Franche-Comté;Bourgogne-Franche-Comté>Besançon;993;993;993;993;722;271;189;279;423;30;36;10;26;50;770;147;26;426;356;183;2;;26;18;16;;993;;;;;;993;;;;;;R27;Bourgogne-Franche-Comté;A03;Besançon;2019;2020
2019-20;ASiVr;ESPE de la Nouvelle-Calédonie;9830690H;Z2FY5;Université de la Nouvelle-Calédonie;Collectivités d'outre-mer>Nouvelle-Calédonie;145;145;145;145;101;44;37;32;52;5;10;5;4;51;56;34;4;109;;30;;2;4;1;2;;145;;;;;;145;;;;;;R00;Collectivités d'outre-mer;A40;Nouvelle-Calédonie;2019;2020
2019-20;iFa3N;INSPÉ de l’Académie de Nice;0062109K;s3t8T;Université Côte d'Azur;Provence-Alpes-Côte d'Azur>Nice;1290;1290;1319;1319;944;346;303;298;493;64;40;14;78;80;903;229;78;506;381;290;35;;78;66;49;;1290;;;;;;1290;;;;;;R93;Provence-Alpes-Côte d'Azur;A23;Nice;2019;2020
2019-20;mNtOh;INSPÉ Normandie Caen;0142393A;p25Q3;Université de Caen Normandie;Normandie;1200;1200;1200;1200;848;352;286;341;448;28;48;19;30;69;928;173;30;537;441;191;1;;30;22;22;;1200;;;;;;1200;;;;;;R28;Normandie;A70;Normandie;2019;2020
2019-20;qVqhv;INSPÉ de l'Académie de Grenoble;0383473U;Y7ch7;Université Grenoble Alpes;Auvergne-Rhône-Alpes>Grenoble;1850;1850;1933;1933;1293;557;367;432;869;50;70;18;44;130;1373;303;44;628;592;576;10;;44;28;27;;1850;;;;;;1850;;;;;;R84;Auvergne-Rhône-Alpes;A08;Grenoble;2019;2020
2019-20;y7W8e;INSPÉ de l’Académie d'Amiens;0802142U;8j5s2;Université de Picardie Jules-Verne;Hauts-de-France>Amiens;1834;1834;1834;1834;1291;543;477;393;654;73;139;53;45;102;1347;340;45;784;687;311;7;;45;27;26;;1834;;;;;;1834;;;;;;R32;Hauts-de-France;A20;Amiens;2019;2020
2020-21;39jG7;INSPÉ de l'Académie de Besançon;0251983V;7Mpgt;Université de Franche-Comté;Bourgogne-Franche-Comté>Besançon;1050;1050;1050;1050;722;328;192;268;475;34;38;14;29;58;789;174;29;408;375;235;3;;29;18;18;;1050;;;;;;1050;;;;;;R27;Bourgogne-Franche-Comté;A03;Besançon;2020;2021
2020-21;68SKK;INSPÉ de l'Académie de Bordeaux;0333296D;90I54;Université de Bordeaux;Nouvelle-Aquitaine>Bordeaux;2292;2292;2293;2293;1614;678;518;571;934;56;91;39;83;164;1695;350;83;916;548;737;8;;83;64;59;;2292;;;;;;2292;;;;;;R75;Nouvelle-Aquitaine;A04;Bordeaux;2020;2021
2020-21;WjV5I;INSPÉ de l'Académie de Martinique;9720894P;z3hdL;Université des Antilles;Martinique;442;442;445;445;363;79;126;73;126;38;31;19;29;22;260;131;29;325;38;49;1;;29;20;21;;442;;;;;;442;;;;;;R02;Martinique;A31;Martinique;2020;2021
2020-21;X3ml2;INSPÉ de l'Académie de Strasbourg;0673068W;4k25D;Université de Strasbourg;Grand Est>Strasbourg;1705;1705;1713;1713;1247;458;409;421;664;51;58;25;77;70;1307;251;77;700;562;346;20;;77;64;62;;1705;;;;;;1705;;;;;;R44;Grand Est;A15;Strasbourg;2020;2021
2020-21;iFa3N;INSPÉ de l’Académie de Nice;0062109K;s3t8T;Université Côte d'Azur;Provence-Alpes-Côte d'Azur>Nice;1376;1376;1377;1377;1041;335;312;292;558;61;60;17;76;88;986;226;76;482;414;377;27;;76;67;55;;1376;;;;;;1376;;;;;;R93;Provence-Alpes-Côte d'Azur;A23;Nice;2020;2021
2020-21;iyM2P;INSPÉ de l'Académie de Nancy-Metz;0542497W;t6Cq5;Université de Lorraine;Grand Est>Nancy-Metz;2099;2099;2112;2112;1494;605;432;512;834;80;125;46;70;106;1553;370;70;994;637;386;12;;70;45;41;;2099;;;;;;2099;;;;;;R44;Grand Est;A12;Nancy-Metz;2020;2021
2020-21;y7W8e;INSPÉ de l’Académie d'Amiens;0802142U;8j5s2;Université de Picardie Jules-Verne;Hauts-de-France>Amiens;1685;1685;1686;1686;1201;484;399;393;628;62;114;52;37;82;1256;310;37;743;639;257;9;;37;23;19;;1685;;;;;;1685;;;;;;R32;Hauts-de-France;A20;Amiens;2020;2021